ID,name,recipe,lvl,tier,atk,atk_min,atk_max,def,def_min,def_max,hp,hp_min,hp_max,skill,skill_min,skill_max,countRandomStat,ChaAtkType_1,ChaAtkType_2,ChaAtkType_3,ChaAtkType_4,ChaAtkType_5,ChaAtkType_6,ChaAtkType_7,mp,speed,criAtkMin,criAtkMax,criSkillMin,criSkillMax,ChaPosition_Short,ChaPosition_Tank,ChaPosition_Long,ChaPosition_Support,agent,belonging,textPlain,textFormatted,textSigil
EQ00001,거친 쐐기돌,EQ00001,1,1,,8,15,,,,,,,,,,1,,,,,,,,,,,,,,TRUE,TRUE,TRUE,TRUE,,FALSE,,,
EQ00002,손가락 걱정인형,EQ00001,1,1,,,,,,,,75,150,,,,1,,,,,,,,,,,,,,TRUE,TRUE,TRUE,TRUE,,FALSE,,,
EQ00016,그래핀 목걸이,EQ00016,1,1,,,,,15,20,,100,150,,,,2,,,,,,,,,,,,,,TRUE,TRUE,TRUE,TRUE,,FALSE,,,
EQ00017,그래핀 팔찌,EQ00016,1,1,,,,,,,,150,300,,,,1,,,,,,,,,,,,,,TRUE,TRUE,TRUE,TRUE,,FALSE,,,
EQ00014,그래핀 허리띠,EQ00016,1,1,,,,,16,32,,120,240,,,,1,,,,,,,,,,,,,,TRUE,TRUE,TRUE,TRUE,,FALSE,"""(vs 글레이저) 공격력 +25""",,
EQ00025,피에타 허리띠,EQ00025,1,1,,,,,,,,,,,44,88,1,,,,,,,,,,,,,,TRUE,TRUE,TRUE,TRUE,,FALSE,"""회피시 체력 100 회복 (쿨타임 20초)""",,
EQ00028,피에타 신발,EQ00025,1,1,,,,,,,,,,,44,88,1,,,,,,,,,20,,,,,TRUE,TRUE,TRUE,TRUE,,FALSE,,,
EQ00026,피에타 종,EQ00025,1,1,,,,,,,,,,,50,100,1,,,,,,,,,,,,,,TRUE,TRUE,TRUE,TRUE,,FALSE,,,
EQ00035,해적토벌의 증거,EQ00035,1,2,,,,,,,,1,540,,,,1,,,,,,,,,30,,,,,TRUE,TRUE,TRUE,TRUE,,FALSE,,,
EQ00037,해적의 커틀러스,EQ00035,1,2,,1,54,,,,,,,,,,1,,,,,,,,,,,,,,TRUE,TRUE,TRUE,TRUE,,FALSE,,,
EQ00023,글레이즈 스카프,EQ00020,1,2,,35,50,,,,,,,,,,1,,,,,,,,,,,,,,TRUE,TRUE,TRUE,TRUE,,FALSE,"""초당 체력 재생 +4""",,
EQ00020,글레이즈 허리띠,EQ00020,1,2,,35,50,,,,,,,,,,1,,,,,,,,,,,,,,TRUE,TRUE,TRUE,TRUE,,FALSE,"""(vs 울부짖는 자의 어머니) 공격력 +60""",,
EQ00021,글레이즈 팔찌,EQ00020,1,2,,42,60,,,,,,,,,,1,,,,,,,,,,,,,,TRUE,TRUE,TRUE,TRUE,,FALSE,,,
EQ00025_1,피에타 허리띠,EQ00025_1,1,2,,,,,,,,,,,65,94,1,,,,,,,,,,,,,,TRUE,TRUE,TRUE,TRUE,,FALSE,"""회피시 체력 120 회복 (쿨타임 20초)""",,
EQ00028_1,피에타 신발,EQ00025_1,1,2,,,,,,,,,,,65,94,1,,,,,,,,,20,,,,,TRUE,TRUE,TRUE,TRUE,,FALSE,,,
EQ00026_1,피에타 종,EQ00025_1,1,2,,,,,,,,,,,84,120,1,,,,,,,,,,,,,,TRUE,TRUE,TRUE,TRUE,,FALSE,,,
EQ00014_1,그래핀 각반,EQ00027,1,2,,,,,50,66,,,,,,,1,,,,,,,,,,,,,,TRUE,TRUE,TRUE,TRUE,,FALSE,"""5초간 방어유지 시, 5초간 공격력 +50""",,
EQ00015,그래핀 허리띠,EQ00027,1,2,,,,,,,,350,500,,,,1,,,,,,,,,,,,,,TRUE,TRUE,TRUE,TRUE,,FALSE,"""(vs 글레이저) 공격력 +50""",,
EQ00016_1,그래핀 목걸이,EQ00027,1,2,,,,,28,40,,210,300,,,,2,,,,,,,,,,,,,,TRUE,TRUE,TRUE,TRUE,,FALSE,,,
EQ00017_1,그래핀 팔찌,EQ00027,1,2,,,,,,,,420,600,,,,1,,,,,,,,,,,,,,TRUE,TRUE,TRUE,TRUE,,FALSE,,,
EQ00036,선장의 방아쇠,EQ00036,1,2,,29,58,,,,,,,,58,116,1,,,,,,,,,,,,,,TRUE,TRUE,TRUE,TRUE,,FALSE,"""(vs 소형 대상) 공격력 +50""",,
EQ00038,선장의 장식품,EQ00036,1,2,,,,,39,77,,290,580,,,,1,,,,,,,,,,,,,,TRUE,TRUE,TRUE,TRUE,,FALSE,"""(vs 소형 대상) 공격력 +50""",,
EQ00024,피에타 수정,EQ00024,21,2,,,,,,,,,,180,,,,,,,,,,,,,,,,,FALSE,FALSE,TRUE,TRUE,,FALSE,"""회피시 체력 150 회복 (쿨타임 20초)""",,
EQ00019,글레이즈 문장,EQ00019_1,21,2,90,,,,,,,,,,,,,,,,,,,,,,,,,,TRUE,FALSE,FALSE,FALSE,,FALSE,"""상태 이상을 1회 방어 (전투 내 1회)""",,
EQ00018,그래핀 석상,EQ00018,21,2,,,,120,,,,,,,,,,,,,,,,,,,,,,,FALSE,TRUE,FALSE,FALSE,,FALSE,"""방어유지시(2초) 이동속도 +100(지속2초)(쿨타임 20초)""",,
EQ00111,방위 석상의 투구,EQ00111,26,2,20,33,66,,,,,,,,66,132,1,,,,,,,,,,,,,,TRUE,TRUE,TRUE,TRUE,,FALSE,"""(vs 베아트리체) 공격력 +70""",,
EQ00112,방위 석상의 수호부,EQ00111,26,2,,,,27,44,88,,330,660,,,,1,,,,,,,,,,,,,,TRUE,TRUE,TRUE,TRUE,,FALSE,"""(vs 베아트리체) 방어력 증가 +55""",,
EQ00113,방위 석상의 고리,EQ00111,26,2,,33,66,,,,,,,40,66,132,,,,,,,,,,,,,,,TRUE,TRUE,TRUE,TRUE,,FALSE,"""(vs 베아트리체) 스킬 위력 +140""",,
EQ00114,방위 석상의 인장,EQ00111,26,2,,,,,44,88,200,330,660,,,,1,,,,,,,,,,,,,,TRUE,TRUE,TRUE,TRUE,,FALSE,"""(vs 베아트리체) 방어력 증가 +55""",,
EQ00095,굳센 풍랑객의 허리띠,EQ00095,25,2,,27,53,,,,,,,,53,106,2,,,,,,,3,,5,,,,,TRUE,TRUE,FALSE,FALSE,,FALSE,,,
EQ00096,굳센 풍랑객의 각반,EQ00095,25,2,,,,,36,71,,265,530,,,,2,,,,,,,3,,5,,,,,TRUE,TRUE,FALSE,FALSE,,FALSE,,,
EQ00097,날렵한 풍랑객의 허리띠,EQ00095,25,2,,27,53,,,,,,,,53,106,2,,,,,,,3,,,,,,,FALSE,FALSE,TRUE,TRUE,,FALSE,,,
EQ00098,날렵한 풍랑객의 각반,EQ00095,25,2,,,,,36,71,,265,530,,,,2,,,,,,,3,,,,,,,FALSE,FALSE,TRUE,TRUE,,FALSE,,,
EQ00116,날렵한 토마스의 반지,EQ00116,26,2,10,27,53,,36,71,,265,530,20,53,106,2,,,,,,,,,,,,,,TRUE,TRUE,TRUE,TRUE,,FALSE,"""(vs 파브리오스) 공격력 +70""",,
EQ00117,굳센 토마스의 꼬리,EQ00116,26,2,,27,53,14,36,71,100,265,530,,53,106,2,,,,,,,,,,,,,,TRUE,TRUE,TRUE,TRUE,,FALSE,"""(vs 파브리오스) 방어력 증가 +55""",,
EQ00132,토마스의 반지 S,EQ00132,30,2,,,,,60,80,,,,70,55,70,2,,,,,3,,,,10,,,,,TRUE,TRUE,TRUE,TRUE,,FALSE,"""(vs 파브리오스) 공격력 +112""",,
EQ00133,토마스의 꼬리 S,EQ00132,30,2,,,,,,,,400,600,70,55,70,2,,,,,3,,,,10,,,,,TRUE,TRUE,TRUE,TRUE,,FALSE,"""(vs 파브리오스) 방어력 증가 +93""",,
EQ00128,풍랑객의 허리띠 S,EQ00128,30,2,40,50,60,,30,40,,,,,,,2,,,,,,,3,,10,,,,,TRUE,TRUE,TRUE,TRUE,,FALSE,"""(vs 토마스) 공격력 +112""",,
EQ00129,풍랑객의 각반 S,EQ00128,30,2,40,50,60,,,,,250,300,,,,2,,,,,,,3,,10,,,,,TRUE,TRUE,TRUE,TRUE,,FALSE,"""(vs 토마스) 방어력 증가 +93""",,
EQ00124,방위 석상의 투구 S,EQ00124,30,2,,30,40,60,,,,350,450,,,,2,,,,3,,,,,10,,,,,TRUE,TRUE,TRUE,TRUE,,FALSE,"""(vs 베아트리체) 공격력 +112""",,
EQ00125,방위 석상의 수호부 S,EQ00124,30,2,,,,60,,,,350,450,,60,80,2,,,,3,,,,,10,,,,,TRUE,TRUE,TRUE,TRUE,,FALSE,"""(vs 베아트리체) 방어력 증가 +93""",,
EQ00115,방위 석상의 정옥,EQ00115,26,2,,27,53,,,,,265,530,,53,106,2,,,,,,,,,,,,,,TRUE,TRUE,TRUE,TRUE,,FALSE,"""체력 40%이하가 되면, 1회 한정 체력 600 회복. (즉사는 막지 못함)""",,
EQ00141,순교자의 보조검,EQ00141,30,2,,40,80,,,,,,,,52,104,2,,,,,,3,,,,,,,,TRUE,TRUE,TRUE,TRUE,,FALSE,"""회피시 공격력 증가 +80(지속 5초) (쿨타임 20초)""",,
EQ00142,순교자의 방패,EQ00141,30,2,,,,,35,70,,,,,79,158,2,,,,,,3,,,,,,,,TRUE,TRUE,TRUE,TRUE,,FALSE,"""회피시 이동속도 증가 +100 (지속 2초) (쿨타임 20초)""",,
EQ90001,칼리오스 별궁휘장,EQ90001,1,2,,20,30,,50,80,,300,500,,,,3,,,,,,,,,10,,,,,TRUE,TRUE,TRUE,TRUE,산토,FALSE,"""'라이온 드라이브' 스킬 사용 시, 보호막 상태가 된다.""",,
EQ00136,토마스의 뒤틀린 손 S,EQ00136,30,2,,,,,,,,450,500,,150,180,2,,,,,,,,,,,,,,TRUE,TRUE,TRUE,TRUE,,FALSE,"""회피시 체력 240 회복 (쿨타임 20초)""",,
EQ00115_1,방위 석상의 정옥 S,EQ00115_1,30,2,,,,,60,80,,400,500,,50,60,3,,,,,,,,,,,,,,TRUE,TRUE,TRUE,TRUE,,FALSE,"""체력 40% 이하가 되면, 1회 한정 체력 1200 회복. (즉사는 막지 못함)""",,
EQ00135,풍랑객의 가면 S,EQ00135,30,2,,90,110,40,,,,,,,,,1,,,,,,,,,,,,,,TRUE,TRUE,TRUE,TRUE,,FALSE,"""상태이상을 1회 방어 (전투 내 1회)""",,
EQ00119,키사의 왼쪽 장갑,EQ00119,21,2,,,,,,,,250,500,160,50,100,2,,,,,,,,,,,,,,TRUE,TRUE,TRUE,TRUE,키사,FALSE,"""'승천타' 스킬의 쿨타임 20% 감소""",,
EQ00118,키사의 오른쪽 장갑,EQ00118,21,2,80,25,50,,33,66,,,,,,,2,,,,,,,,,,,,,,TRUE,TRUE,TRUE,TRUE,키사,FALSE,"""'삼연격' 스킬의 쿨타임 20% 감소""",,
EQ00121,루티에의 승부 머리띠,EQ00121,21,2,80,50,100,,,,,,,,,,1,,,,,,,,,,,,,,TRUE,TRUE,TRUE,TRUE,루티에,FALSE,"""크라우드 서핑 사용 시 보호막 부여""",,
EQ00120,루티에의 마이크,EQ00120,21,2,,,,,,,,,,160,100,200,1,,,,,,,,,,,,,,TRUE,TRUE,TRUE,TRUE,루티에,FALSE,"""'사랑의 노예' 스킬 사용 시, 궁극기 추가 충전""",,
EQ90003,메렐로의 로자리오,EQ90003,1,2,,50,100,,,,,500,700,,,,2,,,,,,,,25,,,,,,TRUE,TRUE,TRUE,TRUE,라무,FALSE,,,
EQ90002,칼리오스 수호부,EQ90002,1,2,,20,30,,50,80,,300,500,,,,3,,,,,,,,,10,,,,,TRUE,TRUE,TRUE,TRUE,올랜드,FALSE,"""'재의 심판' 스킬 사용 시, 순간적으로 이동소곧가 크게 상승한다.""",,
EQ00122,포티아노미콘,EQ00122,21,2,30,30,60,,,,,,,60,60,120,2,,,,,,,,,,,,,,TRUE,TRUE,TRUE,TRUE,네이선 파라,FALSE,"""공격거리 +100""",,
EQ00123,파고스노미콘,EQ00123,21,2,30,30,60,,,,,,,60,60,120,2,,,,,,,,,,,,,,TRUE,TRUE,TRUE,TRUE,네이선 데보라,FALSE,"""공격거리 +100""",,
EQ00139,광휘의 영혼검,EQ00139,36,2,,80,100,,,,,,,,140,160,2,,,,,,,-5,,,0,240,,,TRUE,TRUE,TRUE,TRUE,,TRUE,,,
EQ00140,광휘의 각반,EQ00140,36,2,,,,,90,105,,800,1000,,,,2,,,,,,5,,,20,,,0,240,TRUE,TRUE,TRUE,TRUE,,TRUE,,,
EQ90001_1,칼리오스 별궁휘장 S,EQ90001_1,1,2,,50,70,,100,120,,500,800,,,,3,,,,-50,,50,,,10,,,,,TRUE,TRUE,TRUE,TRUE,산토,FALSE,"""'라이온 드라이브' 스킬 사용 시, 보호막 상태가 된다.""",,
EQ90002_1,칼리오스 수호부 S,EQ90002_1,1,2,,50,70,,100,120,,500,800,,,,3,,,,50,-50,,,,10,,,,,TRUE,TRUE,TRUE,TRUE,올랜드,FALSE,"""'재의 심판' 스킬 사용 시, 순간적으로 이동속도가 크게 상승한다.""",,
EQ00003,맹렬한 작은 거북 목걸이,EQ00003,41,3,20,28,56,,,,,,,40,58,112,2,,,,,,,,,,,,,,TRUE,TRUE,TRUE,TRUE,,FALSE,,,
EQ00003_1,신중한 작은 거북 목걸이,EQ00003,41,3,,,,26,37,74,200,280,560,,,,2,,,,,,,,,,,,,,TRUE,TRUE,TRUE,TRUE,,FALSE,,,
EQ00003_2,치밀한 작은 거북 목걸이,EQ00003,41,3,,,,26,37,74,,,,40,56,112,2,,,,,,,,,,,,,,TRUE,TRUE,TRUE,TRUE,,FALSE,,,
EQ00003_3,노련한 작은 거북 목걸이,EQ00003,41,3,20,28,56,,,,200,280,560,,,,2,,,,,,,,,,,,,,TRUE,TRUE,TRUE,TRUE,,FALSE,,,
EQ00004,맹렬한 모래 향로,EQ00003,41,3,20,28,56,40,56,112,,,,,,,2,,,,,,,,5,,,,,,TRUE,TRUE,TRUE,TRUE,,FALSE,,,
EQ00004_1,신중한 모래 향로,EQ00003,41,3,,,,26,37,74,200,280,560,,,,2,,,,,,,,5,,,,,,TRUE,TRUE,TRUE,TRUE,,FALSE,,,
EQ00004_2,치밀한 모래 향로,EQ00003,41,3,,,,26,37,74,,,,40,56,112,2,,,,,,,,5,,,,,,TRUE,TRUE,TRUE,TRUE,,FALSE,,,
EQ00004_3,노련한 모래 향로,EQ00003,41,3,20,28,56,,,,200,280,560,,,,2,,,,,,,,5,,,,,,TRUE,TRUE,TRUE,TRUE,,FALSE,,,
EQ00005,맹렬한 풀 머리띠,EQ00003,41,3,20,28,56,,,,,,,40,56,112,2,,,,,,,,,,,,,,TRUE,TRUE,TRUE,TRUE,,FALSE,"""경직저항 +1""",,
EQ00005_1,신중한 풀 머리띠,EQ00003,41,3,,,,26,37,74,200,280,560,,,,2,,,,,,,,,,,,,,TRUE,TRUE,TRUE,TRUE,,FALSE,"""경직저항 +1""",,
EQ00005_2,치밀한 풀 머리띠,EQ00003,41,3,,,,26,37,74,,,,40,56,112,2,,,,,,,,,,,,,,TRUE,TRUE,TRUE,TRUE,,FALSE,"""경직저항 +1""",,
EQ00005_3,노련한 풀 머리띠,EQ00003,41,3,20,28,56,,,,200,280,560,,,,2,,,,,,,,,,,,,,TRUE,TRUE,TRUE,TRUE,,FALSE,"""경직저항 +1""",,
EQ00006,맹렬한 가죽 신발,EQ00003,41,3,20,28,56,,,,,,,40,56,112,2,,,,,,,,,15,,,,,TRUE,TRUE,TRUE,TRUE,,FALSE,,,
EQ00006_1,신중한 가죽 신발,EQ00003,41,3,,,,26,37,74,200,280,560,,,,2,,,,,,,,,15,,,,,TRUE,TRUE,TRUE,TRUE,,FALSE,,,
EQ00006_2,치밀한 가죽 신발,EQ00003,41,3,,,,26,37,74,,,,40,56,112,2,,,,,,,,,15,,,,,TRUE,TRUE,TRUE,TRUE,,FALSE,,,
EQ00006_3,노련한 가죽 신발,EQ00003,41,3,20,28,56,,,,200,280,560,,,,2,,,,,,,,,15,,,,,TRUE,TRUE,TRUE,TRUE,,FALSE,,,
EQ00007,맹렬한 모래 주머니,EQ00003,41,3,20,28,56,,,,,,,40,56,112,2,,,,,,,,,,,,,,TRUE,TRUE,TRUE,TRUE,,FALSE,"""무게 +1""",,
EQ00007_1,신중한 모래 주머니,EQ00003,41,3,,,,26,37,74,200,280,560,,,,2,,,,,,,,,,,,,,TRUE,TRUE,TRUE,TRUE,,FALSE,"""무게 +1""",,
EQ00007_2,치밀한 모래 주머니,EQ00003,41,3,,,,26,37,74,,,,40,56,112,2,,,,,,,,,,,,,,TRUE,TRUE,TRUE,TRUE,,FALSE,"""무게 +1""",,
EQ00007_3,노련한 모래 주머니,EQ00003,41,3,20,28,56,,,,200,280,560,,,,2,,,,,,,,,,,,,,TRUE,TRUE,TRUE,TRUE,,FALSE,"""무게 +1""",,
EQ00008,맹렬한 쐐기돌,EQ00003,41,3,40,30,60,,,,,,,40,60,120,2,,,,,,,,,,,,,,TRUE,TRUE,TRUE,TRUE,,FALSE,,,
EQ00008_1,신중한 쐐기돌,EQ00003,41,3,20,,,26,40,80,200,300,600,,,,2,,,,,,,,,,,,,,TRUE,TRUE,TRUE,TRUE,,FALSE,,,
EQ00008_2,노련한 쐐기돌,EQ00003,41,3,20,30,60,,,,200,300,600,40,,,2,,,,,,,,,,,,,,TRUE,TRUE,TRUE,TRUE,,FALSE,,,
EQ00009,할머니 걱정인형,EQ00003,41,3,,,,,53,106,100,400,800,,,,2,,,,,,,,,,,,,,TRUE,TRUE,TRUE,TRUE,,FALSE,"""다른 장비의 강화 소재로 사용할 수 없습니다.""",,
EQ00010,맹렬한 갈색소라 목걸이,"EQ00003,EQ00185,EQ00256,EQ00252_1",41,3,20,28,56,,,,,,,40,56,112,2,,,,,,,,,,,,,,TRUE,TRUE,TRUE,TRUE,,FALSE,"""공격 적중 시 5% 확률로 체력 240 회복 (쿨타임 20초)""",,
EQ00010_1,신중한 갈색소라 목걸이,"EQ00003,EQ00185,EQ00256,EQ00252_1",41,3,,,,26,37,74,200,280,560,,,,2,,,,,,,,,,,,,,TRUE,TRUE,TRUE,TRUE,,FALSE,"""공격 적중 시 5% 확률로 체력 240 회복 (쿨타임 20초)""",,
EQ00010_2,노련한 갈색소라 목걸이,"EQ00003,EQ00185,EQ00256,EQ00252_1",41,3,20,28,56,,,,200,280,560,,,,2,,,,,,,,,,,,,,TRUE,TRUE,TRUE,TRUE,,FALSE,"""공격 적중 시 5% 확률로 체력 240 회복 (쿨타임 20초)""",,
EQ00010_3,치밀한 갈색소라 목걸이,"EQ00003,EQ00185,EQ00256,EQ00252_1",41,3,,,,26,37,74,,,,40,56,112,2,,,,,,,,,,,,,,TRUE,TRUE,TRUE,TRUE,,FALSE,"""공격 적중 시 5% 확률로 체력 240 회복 (쿨타임 20초)""",,
EQ00011,맹렬한 진흙 향로,"EQ00003,EQ00187,EQ00252_1",41,3,20,28,56,,,,,,,40,56,112,2,,,,,,,,,,,,,,TRUE,TRUE,TRUE,TRUE,,FALSE,"""피격 시 5% 확률로 체력 240 회복 (쿨타임 20초)""",,
EQ00011_1,신중한 진흙 향로,"EQ00003,EQ00187,EQ00252_1",41,3,,,,26,37,74,200,280,560,,,,2,,,,,,,,,,,,,,TRUE,TRUE,TRUE,TRUE,,FALSE,"""피격 시 5% 확률로 체력 240 회복 (쿨타임 20초)""",,
EQ00011_2,노련한 진흙 향로,"EQ00003,EQ00187,EQ00252_1",41,3,20,28,56,,,,200,280,560,,,,2,,,,,,,,,,,,,,TRUE,TRUE,TRUE,TRUE,,FALSE,"""피격 시 5% 확률로 체력 240 회복 (쿨타임 20초)""",,
EQ00011_3,치밀한 진흙 향로,"EQ00003,EQ00187,EQ00252_1",41,3,,,,26,37,74,,,,40,56,112,2,,,,,,,,,,,,,,TRUE,TRUE,TRUE,TRUE,,FALSE,"""피격 시 5% 확률로 체력 240 회복 (쿨타임 20초)""",,
EQ00012,맹렬한 도전자의 인장,"EQ00003,EQ00189",41,3,20,28,56,,,,,,,40,56,112,2,,,,,,,,,,,,,,TRUE,TRUE,TRUE,TRUE,,FALSE,"""체력이 80% 이상인 상대를 공격 시 공격력 +84""",,
EQ00012_1,신중한 도전자의 인장,"EQ00003,EQ00189",41,3,,,,26,37,74,200,280,560,,,,2,,,,,,,,,,,,,,TRUE,TRUE,TRUE,TRUE,,FALSE,"""체력이 80% 이상인 상대를 공격 시 공격력 +84""",,
EQ00012_2,노련한 도전자의 인장,"EQ00003,EQ00189",41,3,20,28,56,,,,200,280,560,,,,2,,,,,,,,,,,,,,TRUE,TRUE,TRUE,TRUE,,FALSE,"""체력이 80% 이상인 상대를 공격 시 공격력 +84""",,
EQ00012_3,치밀한 도전자의 인장,"EQ00003,EQ00189",41,3,,,,26,37,74,,,,40,56,112,2,,,,,,,,,,,,,,TRUE,TRUE,TRUE,TRUE,,FALSE,"""체력이 80% 이상인 상대를 공격 시 공격력 +84""",,
EQ00180,맹렬한 수정 조각,"EQ00003,EQ00211,EQ00256",41,3,20,28,56,,,,,,,40,56,112,2,,,,,,,,,,,,,,TRUE,TRUE,TRUE,TRUE,,FALSE,"""방어중인 대상 공격 시 10% 확률로 대상의 쉴드 감소 300 (쿨타임 20초)""",,
EQ00180_1,신중한 수정 조각,"EQ00003,EQ00211,EQ00256",41,3,,,,26,37,74,200,280,560,,,,2,,,,,,,,,,,,,,TRUE,TRUE,TRUE,TRUE,,FALSE,"""방어중 피격 시 10% 확률로 쉴드 회복 300 (쿨타임 20초)""",,
EQ00180_2,노련한 수정 조각,"EQ00003,EQ00211,EQ00256",41,3,20,28,56,,,,200,280,560,,,,2,,,,,,,,,,,,,,TRUE,TRUE,TRUE,TRUE,,FALSE,"""방어중인 대상 공격 시 10% 확률로 대상의 쉴드 감소 300 (쿨타임 20초)""",,
EQ00180_3,치밀한 수정 조각,"EQ00003,EQ00211,EQ00256",41,3,,,,26,37,74,,,,40,56,112,2,,,,,,,,,,,,,,TRUE,TRUE,TRUE,TRUE,,FALSE,"""방어중 피격 시 10% 확률로 쉴드 회복 300 (쿨타임 20초)""",,
EQ00034,세공품,EQ00003,1,3,,,,20,,,,,,,,,,,,,,,,,,,,,,,TRUE,TRUE,TRUE,TRUE,,FALSE,"""고가의 세공품"",""행상인이 비싼 가격에 산다고 한다.""",,
EQ00185,라프란드의 심장,"EQ00003,EQ00185,EQ00185_1",41,3,10,52,76,,,,,,,20,102,152,2,,,,,,,,,,,,,,TRUE,TRUE,TRUE,TRUE,,FALSE,,"{""head"":""공격 적중 시 20% 확률로 화염 추가 피해 "",""min"":""200"",""max"":""800"",""tail"":""발생 (쿨타임 20초)""}",
EQ00187,그라월의 눈,"EQ00003,EQ00187,EQ00187_1",41,3,10,52,76,,,,,,,20,102,152,2,,,,,,,,,,,,,,TRUE,TRUE,TRUE,TRUE,,FALSE,,"{""head"":""공격 적중 시 20% 확률로 냉기 추가 피해 "",""min"":""200"",""max"":""800"",""tail"":""발생 (쿨타임 20초)""}",
EQ00189,벤트라타의 뇌전 발톱,"EQ00003,EQ00189,EQ00189_1",41,3,10,52,76,,,,,,,20,102,152,2,,,,,,,,,,,,,,TRUE,TRUE,TRUE,TRUE,,FALSE,,"{""head"":""공격 적중 시 20% 확률로 전격 추가 피해 "",""min"":""200"",""max"":""800"",""tail"":""발생 (쿨타임 20초)""}",
EQ00186,라프란드의 비늘 팔찌,"EQ00003,EQ00185,EQ00186",41,3,,,,10,80,100,100,580,760,,,,2,,,,,,,,,,,,,,TRUE,TRUE,TRUE,TRUE,,FALSE,,"{""head"":""피격 시 20% 확률로 전격 보호막 "",""min"":""200"",""max"":""400"",""tail"":""발생 (쿨타임 20초)""}",
EQ00188,그라월의 문장,"EQ00003,EQ00187,EQ00188",41,3,,,,10,80,100,100,580,760,,,,2,,,,,,,,,,,,,,TRUE,TRUE,TRUE,TRUE,,FALSE,,"{""head"":""피격 시 20% 확률로 화염 보호막 "",""min"":""200"",""max"":""400"",""tail"":""발생 (쿨타임 20초)""}",
EQ00190,벤트라타의 뇌전 망토,"EQ00003,EQ00189,EQ00190",41,3,,,,10,80,100,100,580,760,,,,2,,,,,,,,,,,,,,TRUE,TRUE,TRUE,TRUE,,FALSE,,"{""head"":""피격 시 20% 확률로 냉기 보호막 "",""min"":""200"",""max"":""400"",""tail"":""발생 (쿨타임 20초)""}",
EQ00218,울부짖는 자의 안대,"EQ00218,EQ00217,EQ00218_1",41,3,,,,,,,,580,840,,84,168,2,,,,,,,,,,,,0,160,FALSE,FALSE,TRUE,TRUE,,FALSE,,,
EQ00217,글레이즈 톱날 단도,"EQ00218,EQ00217,EQ00217_1",41,3,,77,110,,,,,400,580,,,,2,,,,,,,,,,,,,,TRUE,TRUE,FALSE,FALSE,,FALSE,"""스킬 사용 시, 궁극기 추가 충전""",,
EQ00219,맹렬한 패자의 인장,"EQ00218,EQ00217,EQ00242,EQ00229",41,3,20,28,56,,,,,,,40,56,112,2,,,,,,,,,,,,,,TRUE,TRUE,TRUE,TRUE,,FALSE,"""체력이 20% 이하인 상대를 공격 시 공격력 +84""",,
EQ00219_1,신중한 패자의 인장,"EQ00218,EQ00217,EQ00242,EQ00229",41,3,,,,26,37,74,200,280,560,,,,2,,,,,,,,,,,,,,TRUE,TRUE,TRUE,TRUE,,FALSE,"""체력이 20% 이하인 상대를 공격 시 공격력 +84""",,
EQ00219_2,무모한 패자의 인장,"EQ00218,EQ00217,EQ00242,EQ00229",41,3,20,28,56,26,37,74,,,,,,,2,,,,,,,,,,,,,,TRUE,TRUE,TRUE,TRUE,,FALSE,"""체력이 20% 이하인 상대를 공격 시 공격력 +84""",,
EQ00219_3,용맹한 패자의 인장,"EQ00218,EQ00217,EQ00242,EQ00229",41,3,,,,,,,200,280,560,40,56,112,2,,,,,,,,,,,,,,TRUE,TRUE,TRUE,TRUE,,FALSE,"""체력이 20% 이하인 상대를 공격 시 공격력 +84""",,
EQ00223,맹렬한 미지의 전송석,"EQ00218,EQ00217,EQ00242,EQ00229",41,3,20,28,56,,,,,,,40,56,112,2,,,,,,,,,,,,,,TRUE,TRUE,TRUE,TRUE,,FALSE,"""상태 이상을 1회 방어 (전투 내 1회)""",,
EQ00223_1,신중한 미지의 전송석,"EQ00218,EQ00217,EQ00242,EQ00229",41,3,,,,26,37,74,200,280,560,,,,2,,,,,,,,,,,,,,TRUE,TRUE,TRUE,TRUE,,FALSE,"""상태 이상을 1회 방어 (전투 내 1회)""",,
EQ00223_2,무모한 미지의 전송석,"EQ00218,EQ00217,EQ00242,EQ00229",41,3,20,28,56,26,37,74,,,,,,,2,,,,,,,,,,,,,,TRUE,TRUE,TRUE,TRUE,,FALSE,"""상태 이상을 1회 방어 (전투 내 1회)""",,
EQ00223_3,용맹한 미지의 전송석,"EQ00218,EQ00217,EQ00242,EQ00229",41,3,,,,,,,200,280,560,40,56,112,2,,,,,,,,,,,,,,TRUE,TRUE,TRUE,TRUE,,FALSE,"""상태 이상을 1회 방어 (전투 내 1회)""",,
EQ00211,세시의 수정,"EQ00211,EQ00211_1",41,3,,,,10,82,102,100,600,780,,,,2,,,,,,,,,,,,,,TRUE,TRUE,TRUE,TRUE,,FALSE,,"{""head"":""피격 시 30% 확률로 타격 반사 피해"",""min"":""200"",""max"":""600"",""tail"":""발생 (쿨타임 15초)""}",
EQ00209,세시의 이빨,EQ00211,41,3,10,35,70,,,,,,,20,70,140,2,,,,,,,,,,,,,,TRUE,TRUE,TRUE,TRUE,,FALSE,"""타격 속성 대상을 공격 시 공격력 +43""",,
EQ00210,세시의 눈,EQ00211,41,3,,,,10,46,92,100,350,700,,,,2,,,,,,,,,,,,,,TRUE,TRUE,TRUE,TRUE,,FALSE,"""타격 속성 피격 시 방어력 +57""",,
EQ00191,화염의 증거,EQ00185,41,3,10,35,70,,,,,,,20,70,140,2,,,,,,,,,,,,,,TRUE,TRUE,TRUE,TRUE,,FALSE,"""전격 속성 대상을 공격 시 공격력 +41""",,
EQ00194,화염의 가호,EQ00185,41,3,,,,10,46,92,100,350,700,,,,2,,,,,,,,,,,,,,TRUE,TRUE,TRUE,TRUE,,FALSE,"""전격 속성 피격 시 방어력 +57""",,
EQ00192,냉기의 증거,EQ00187,41,3,10,35,70,,,,,,,20,70,140,2,,,,,,,,,,,,,,TRUE,TRUE,TRUE,TRUE,,FALSE,"""화염 속성 대상을 공격 시 공격력 +43""",,
EQ00195,냉기의 가호,EQ00187,41,3,,,,10,46,92,100,350,700,,,,2,,,,,,,,,,,,,,TRUE,TRUE,TRUE,TRUE,,FALSE,"""화염 속성 피격 시 방어력 +57""",,
EQ00193,전격의 증거,EQ00189,41,3,10,35,70,,,,,,,20,70,140,2,,,,,,,,,,,,,,TRUE,TRUE,TRUE,TRUE,,FALSE,"""냉기 속성 대상을 공격 시 공격력 +43""",,
EQ00196,전격의 가호,EQ00189,41,3,,,,10,46,92,100,350,700,,,,2,,,,,,,,,,,,,,TRUE,TRUE,TRUE,TRUE,,FALSE,"""냉기 속성 피격 시 방어력 +57""",,
EQ00232,E-01 모듈,"EQ00232,EQ00229",46,3,,,,10,82,102,100,600,780,,,,2,,,,,,,,,,,,,,TRUE,TRUE,TRUE,TRUE,,FALSE,,"{""head"":""피격 시 20% 확률로 신성 보호막"",""min"":""200"",""max"":""400"",""tail"":""발생 (쿨타임 20초)""}",
EQ00242,수호자의 눈,"EQ00242,EQ00242_1",46,3,10,59,77,,,,,,,20,123,154,2,,,,,,,,,,,,,,TRUE,TRUE,TRUE,TRUE,,FALSE,,"{""head"":""공격 적중 시 20% 확률로 신성 추가 피해"",""min"":""200"",""max"":""800"",""tail"":""발생 (쿨타임 20초)""}",
EQ00245,신성 증폭 장치,"EQ00242,EQ00245",46,3,,,,10,82,102,100,600,780,,,,2,,,,,,,,,,,,,,TRUE,TRUE,TRUE,TRUE,,FALSE,,"{""head"":""피격 시 20% 확률로 암흑 보호막"",""min"":""200"",""max"":""400"",""tail"":""발생 (쿨타임 20초)""}",
EQ00240,신성의 증거,EQ00242,41,3,10,35,70,,,,,,,20,70,140,2,,,,,,,,,,,,,,TRUE,TRUE,TRUE,TRUE,,FALSE,"""암흑 속성 대상을 공격 시 공격력 +43""",,
EQ00241,신성의 가호,EQ00242,41,3,,,,10,46,92,100,350,700,,,,2,,,,,,,,,,,,,,TRUE,TRUE,TRUE,TRUE,,FALSE,"""암흑 속성 피격 시 방어력 +57""",,
EQ00229,E-01 기계팔,"EQ00229,EQ00229_1",46,3,10,59,77,,,,,,,20,123,154,2,,,,,,,,,,,,,,TRUE,TRUE,TRUE,TRUE,,FALSE,,"{""head"":""공격 적중 시 20% 확률로 암흑 추가 피해"",""min"":""200"",""max"":""800"",""tail"":""발생 (쿨타임 20초)""}",
EQ00227,암흑의 증거,EQ00229,1,3,10,35,70,,,,,,,20,70,140,2,,,,,,,,,,,,,,TRUE,TRUE,TRUE,TRUE,,FALSE,"""신성 속성 대상을 공격 시 공격력 +43""",,
EQ00228,암흑의 가호,EQ00229,1,3,,,,10,46,92,100,350,700,,,,2,,,,,,,,,,,,,,TRUE,TRUE,TRUE,TRUE,,FALSE,"""신성 속성 피격 시 방어력 +57""",,
EQ00256,트리즈의 발톱 도끼,"EQ00256,EQ00256_1",46,3,10,59,77,,,,,,,20,123,54,2,,,,,,,,,,,,,,TRUE,TRUE,TRUE,TRUE,,FALSE,,"{""head"":""공격 적중 시 20% 확률로 타격과 참격 추가 피해"",""min"":""100"",""max"":""400"",""tail"":""발생 (쿨타임 20초)""}",
EQ00259,하젬의 외장 방패,"EQ00256,EQ00259",46,3,,,,10,82,102,100,600,780,,,,2,,,,,,,,,,,,,,TRUE,TRUE,TRUE,TRUE,,FALSE,,"{""head"":""피격 시 20% 확률로 타격, 참격 보호막"",""min"":""200"",""max"":""400"",""tail"":""발생 (쿨타임 20초)""}",
EQ00254,물리의 증거,EQ00256,41,3,10,35,70,,,,,,,20,70,140,2,,,,,,,,,,,,,,TRUE,TRUE,TRUE,TRUE,,FALSE,"""타격, 참격 속성 대상을 공격 시 공격력 +43""",,
EQ00255,물리의 가호,EQ00256,41,3,,,,10,46,92,100,350,700,,,,2,,,,,,,,,,,,,,TRUE,TRUE,TRUE,TRUE,,FALSE,"""타격, 참격 속성 피격 시 방어력 +57""",,
EQ00216,바우엘의 신속석궁,EQ00216,41,3,40,,,,,,,,,80,,,,,,,,,,,,,,,,,TRUE,TRUE,TRUE,TRUE,바우엘,FALSE,"""전투 중 자신의 속성을 전격 속성으로 변경""",,
EQ00215,우타하의 단검,EQ00215,41,3,40,,,,,,,,,80,,,,,,,,,,,,,,,,,TRUE,TRUE,TRUE,TRUE,우타하,FALSE,"""전투 중 자신의 속성을 신성 속성으로 변경""",,
EQ00212,야오 페이의 전투복,EQ00212,41,3,40,,,,,,,,,80,,,,,,,,,,,,,,,,,TRUE,TRUE,TRUE,TRUE,야오 페이,FALSE,"""전투 중 자신의 속성을 화염 속성으로 변경""",,
EQ00214,이스류나의 공명닻,EQ00214,41,3,40,,,,,,,,,80,,,,,,,,,,,,,,,,,TRUE,TRUE,TRUE,TRUE,이스류나,FALSE,"""전투 중 자신의 속성을 냉기 속성으로 변경""",,
EQ00252,파레타의 견갑,"EQ00252,EQ00252_1",46,3,,,,10,92,112,100,670,840,,,,2,,,,,,,,,,,,,,TRUE,TRUE,TRUE,TRUE,,FALSE,,"{""head"":""자신이 빙결, 동결 상태가 되면 체력을"",""min"":""0"",""max"":""600"",""tail"":""회복 (쿨타임 30초)""}",
EQ00253,파레타의 목걸이,"EQ00252_1,EQ00253",46,3,,,,10,92,112,100,670,840,,,,2,,,,,,,,,,,,,,TRUE,TRUE,TRUE,TRUE,,FALSE,,"{""head"":""자신이 수면 상태가 되면 방어력"",""min"":""0"",""max"":""120"",""tail"":""증가""}",
EQ00266,베릴 대검,EQ00266,41,3,40,37,54,,,,400,280,540,80,74,108,2,,,,,,,,,,,,,,TRUE,TRUE,TRUE,TRUE,,FALSE,,"{""head"":""타격, 참격 속성 대상을 공격시 30% 확률로 자신의 체력을"",""min"":""0"",""max"":""500"",""tail"":""회복 (쿨타임 20초)""}",
EQ00239,흑랑유월,EQ00239,41,3,80,70,100,,,,,200,300,,,,2,,,,,,,,,,,,,,TRUE,TRUE,TRUE,TRUE,야오 슈,FALSE,"""전투 중 자신의 속성을 암흑 속성으로 변경""","{""head"":""공격 적중 시 자신의 체력을"",""min"":""0"",""max"":""300"",""tail"":""회복 (쿨타임 30초)""}",
EQ00213,돌고래 수정닻,EQ00213,41,3,,60,80,,120,140,,700,900,,,,3,,,,,,,,,,,,,,TRUE,TRUE,TRUE,TRUE,피제리아,FALSE,,"{""head"":""'빙글빙글' 스킬 사용 시,"",""min"":""100"",""max"":""500"",""tail"":""보호막 상태가 된다.""}",
EQ00216_1,세시의 백발백중,EQ00216_1,41,3,40,40,60,,30,53,,,,80,80,100,3,,,,,,,,,,,,,,TRUE,TRUE,TRUE,TRUE,바우엘,FALSE,"""전투 중 자신의 속성을 전격 속성으로 변경""",,
EQ00216_2,세시의 백발백중 S,,41,4,40,40,60,,30,53,,,,80,80,100,3,,,,,,,,,,0,120,,,TRUE,TRUE,TRUE,TRUE,바우엘,FALSE,"""전투 중 자신의 속성을 전격 속성으로 변경""",,
EQ00215_1,신명기검,EQ00215_1,21,3,40,50,80,,,,,300,400,80,60,80,3,,,,,,,,,,,,,,TRUE,TRUE,TRUE,TRUE,우타하,FALSE,"""전투 중 자신의 속성을 신성 속성으로 변경""",,
EQ00212_1,산롱 대혈문 제복,EQ00212_1,41,3,40,20,40,,,,,300,400,80,120,160,3,,,,,,,,,,,,,,TRUE,TRUE,TRUE,TRUE,야오 페이,FALSE,"""전투 중 자신의 속성을 화염 속성으로 변경""",,
EQ00214_1,기간티카 공명닻,EQ00214_1,41,3,40,40,60,,30,53,,300,400,80,,,3,,,,,,,,,,,,,,TRUE,TRUE,TRUE,TRUE,이스류나,FALSE,"""전투 중 자신의 속성을 냉기 속성으로 변경""",,
EQ00267,피를 마시는 낫,EQ00267,41,3,100,,,,,,,,,200,,,,,,,,,,,,,,,,,TRUE,TRUE,TRUE,TRUE,니케르만,FALSE,"""'수확의 낫' 스킬 적중 시, 대상에게 출혈 피해 발생""",,
EQ00268,전격의 지팡이,EQ00268,41,3,,,,140,,,950,,,,,,,,,,,,,,,,,,,,TRUE,TRUE,TRUE,TRUE,뮤레인,FALSE,"""'번개의 구체' 스킬 사용 시, 근처의 적에게 추가 피해 발생""",,
EQ00270,현인신의 창,EQ00270,41,3,100,,,,,,,,,200,,,,,,,,,,,,,,,,,TRUE,TRUE,TRUE,TRUE,엔야,FALSE,"""'부귀의 창' 스킬 사용 시, 자신과 비전 속성 요원들의 체력 300 회복""",,
EQ00269,악마의 채찍,EQ00269,41,3,,,,140,,,950,,,,,,,,,,,,,,,,,,,,TRUE,TRUE,TRUE,TRUE,비스크,FALSE,"""'매혹의 채찍' 스킬 적중 시, 대상을 밀어내며 추가 피해 발생""",,
EQ00248,광휘의 영혼검 S,EQ00139_1,51,3,,90,120,,,,,,,,190,220,2,,,,,,,-5,,,0,300,,,TRUE,TRUE,TRUE,TRUE,,TRUE,,"{""head"":""중형 대상 공격시 공격력 증가 +"",""min"":""0"",""max"":""60"",""tail"":""""}",
EQ00249,광휘의 각반 S,EQ00140_1,51,3,,,,,110,153,,900,1150,,,,2,,,,,,5,,,20,,,0,300,TRUE,TRUE,TRUE,TRUE,,TRUE,,"{""head"":""치명타 저항 보정"",""min"":""0"",""max"":""96"",""tail"":""""}",
EQ00262,길 잃은 자의 단검,EQ00262,41,3,160,,,,,,,,,48,,,,,,,,,,,,,,,,,TRUE,TRUE,TRUE,TRUE,,FALSE,,,
EQ00263,네메시스 - 원혼의 습격,EQ00263,51,3,,140,200,,,,,,,,40,60,2,,,,,,,,,40,,,,,TRUE,TRUE,TRUE,TRUE,,TRUE,"""전투 중 자신의 속성이 타격, 참격인 요원만 적용""","{""head"":""스킬 적중 시 50% 확률로 자신의 속성 추가 피해"",""min"":""10"",""max"":""30"",""tail"":""% 발생""},{""head"":""일반 공격 치명타 발생 시 자신의 체력을 피해량의"",""min"":""5"",""max"":""25"",""tail"":""% 회복 [최대: 600](쿨타임 12초)""}",
EQ00265,네메시스 - 원혼의 비명,EQ00265,51,3,,140,200,,,,,,,,40,60,2,,,,,,,,,40,,,,,TRUE,TRUE,TRUE,TRUE,,TRUE,"""전투 중 자신의 속성이 신성, 암흑인 요원만 적용""","{""head"":""스킬 적중 시 50% 확률로 자신의 속성 추가 피해"",""min"":""10"",""max"":""30"",""tail"":""% 발생""},{""head"":""일반 공격 치명타 발생 시 자신의 체력을 피해량의"",""min"":""5"",""max"":""25"",""tail"":""% 회복 [최대: 600](쿨타임 12초)""}",
EQ00264,네메시스 - 원혼의 분노,EQ00264,51,3,,140,200,,,,,,,,40,60,2,,,,,,,,,40,,,,,TRUE,TRUE,TRUE,TRUE,,TRUE,"""전투 중 자신의 속성이 화염, 냉기, 전격인 요원만 적용""","{""head"":""스킬 적중 시 50% 확률로 자신의 속성 추가 피해"",""min"":""10"",""max"":""30"",""tail"":""% 발생""},{""head"":""일반 공격 치명타 발생 시 자신의 체력을 피해량의"",""min"":""5"",""max"":""25"",""tail"":""% 회복 [최대: 600](쿨타임 12초)""}",
EQ00279,백인대장 투구,"EQ00279,EQ00279_1",61,4,,,,,,,100,670,840,20,134,168,2,,,,,,,,,,,,,,TRUE,TRUE,TRUE,TRUE,,FALSE,"""화염 속성 적을 공격 시 공격력 20% 증가 (최대:200)""",,
EQ00275,맹렬한 파괴자의 인장,EQ00279_1,56,4,20,70,140,,,,,,,,,,1,,,,,,,,,,,,,,TRUE,TRUE,TRUE,TRUE,,FALSE,"""체력이 80% 이상인 상대를 공격 시 10초 동안 공격력 100 증가 (쿨타임 20초)""",,
EQ00275_1,신중한 파괴자의 인장,EQ00279_1,56,4,,,,20,92,184,,,,,,,1,,,,,,,,,,,,,,TRUE,TRUE,TRUE,TRUE,,FALSE,"""체력이 80% 이상인 상대를 공격 시 10초 동안 대상의 공격력 50 감소 (쿨타임 20초)""",,
EQ00275_2,노련한 파괴자의 인장,EQ00279_1,56,4,,,,,,,200,700,1400,,,,1,,,,,,,,,,,,,,TRUE,TRUE,TRUE,TRUE,,FALSE,"""체력이 80% 이상인 상대를 공격 시 10초 동안 공격력 100 증가 (쿨타임 20초)""",,
EQ00275_3,치밀한 파괴자의 인장,EQ00279_1,56,4,,,,,,,,,,40,140,280,1,,,,,,,,,,,,,,TRUE,TRUE,TRUE,TRUE,,FALSE,"""체력이 80% 이상인 상대를 공격 시 10초 동안 대상의 공격력 50 감소 (쿨타임 20초)""",,
EQ00271,맹렬한 합성 조각,EQ00279_1,51,4,10,70,140,,,,,,,,,,1,,,,,,,,,,,,,,TRUE,TRUE,TRUE,TRUE,,FALSE,"""방어중인 대상 공격 시 20% 확률로 대상의 쉴드 감소 400 (쿨타임 20초)""",,
EQ00271_1,신중한 합성 조각,EQ00279_1,51,4,,,,10,92,184,,,,,,,1,,,,,,,,,,,,,,TRUE,TRUE,TRUE,TRUE,,FALSE,"""방어중 피격 시 20% 확률로 쉴드 회복 400 (쿨타임 20초)""",,
EQ00271_2,노련한 합성 조각,EQ00279_1,51,4,,,,,,,100,700,1400,,,,1,,,,,,,,,,,,,,TRUE,TRUE,TRUE,TRUE,,FALSE,"""방어중인 대상 공격 시 20% 확률로 대상의 쉴드 감소 400 (쿨타임 20초)""",,
EQ00271_3,치밀한 합성 조각,EQ00279_1,51,4,,,,,,,,,,20,140,280,1,,,,,,,,,,,,,,TRUE,TRUE,TRUE,TRUE,,FALSE,"""방어중 피격 시 20% 확률로 쉴드 회복 400 (쿨타임 20초)""",,
EQ00294,기간티카의 장갑,EQ00294,61,4,,,,20,92,184,100,670,840,,,,2,,,,,,,,,,,,,,TRUE,TRUE,TRUE,TRUE,,FALSE,"""상태 이상을 2회 방어 (전투 내 2회)""",,
EQ00290,맹렬한 심해의 장신구,EQ00294,56,4,40,70,140,,,,,,,,,,1,,,,,,,,,,,,,,TRUE,TRUE,TRUE,TRUE,,FALSE,,"{""head"":""피격 시 30% 확률로 전격 반사 피해"",""min"":""100"",""max"":""500"",""tail"":""발생 (쿨타임 20초)""}",
EQ00290_1,신중한 심해의 장신구,EQ00294,56,4,,,,40,92,184,,,,,,,1,,,,,,,,,,,,,,TRUE,TRUE,TRUE,TRUE,,FALSE,,"{""head"":""피격 시 30% 확률로 전격 반사 피해"",""min"":""100"",""max"":""500"",""tail"":""발생 (쿨타임 20초)""}",
EQ00290_2,노련한 심해의 장신구,EQ00294,56,4,,,,,,,400,700,1400,,,,1,,,,,,,,,,,,,,TRUE,TRUE,TRUE,TRUE,,FALSE,,"{""head"":""피격 시 30% 확률로 전격 반사 피해"",""min"":""100"",""max"":""500"",""tail"":""발생 (쿨타임 20초)""}",
EQ00290_3,치밀한 심해의 장신구,EQ00294,56,4,,,,,,,,,,80,140,280,1,,,,,,,,,,,,,,TRUE,TRUE,TRUE,TRUE,,FALSE,,"{""head"":""피격 시 30% 확률로 전격 반사 피해"",""min"":""100"",""max"":""500"",""tail"":""발생 (쿨타임 20초)""}",
EQ00286,맹렬한 심해의 커틀라스,EQ00294,51,4,20,70,140,,,,,,,,,,1,,,,,,,,,,,,,,TRUE,TRUE,TRUE,TRUE,,FALSE,"""공격 적중 시 5% 확률로 체력 250 회복 (쿨타임 20초)""",,
EQ00286_1,신중한 심해의 커틀라스,EQ00294,51,4,,,,20,92,184,,,,,,,1,,,,,,,,,,,,,,TRUE,TRUE,TRUE,TRUE,,FALSE,"""공격 적중 시 5% 확률로 체력 250 회복 (쿨타임 20초)""",,
EQ00286_2,노련한 심해의 커틀라스,EQ00294,51,4,,,,,,,200,700,1400,,,,1,,,,,,,,,,,,,,TRUE,TRUE,TRUE,TRUE,,FALSE,"""공격 적중 시 5% 확률로 체력 250 회복 (쿨타임 20초)""",,
EQ00286_3,치밀한 심해의 커틀라스,EQ00294,51,4,,,,,,,,,,40,140,280,1,,,,,,,,,,,,,,TRUE,TRUE,TRUE,TRUE,,FALSE,"""공격 적중 시 5% 확률로 체력 250 회복 (쿨타임 20초)""",,
EQ00306,베르나 목걸이,EQ00306,61,4,30,,,,,,100,670,840,20,134,168,2,,,,,,,,,,,,,,TRUE,TRUE,TRUE,TRUE,,FALSE,,"{""head"":""(vs 폭주하는 베르나) 공격력 +"",""min"":""100"",""max"":""150"",""tail"":"", 방어력 +50""}",
EQ00329,네이티브 갑옷,"EQ00329,EQ00329_1",66,4,,,,20,92,184,200,700,1400,,,,2,,,,,,,,,,,,,,TRUE,TRUE,TRUE,TRUE,,FALSE,,"{""head"":""적에게 피격 스탯 30회 때 10초 동안 보호막"",""min"":""100"",""max"":""500"",""tail"":""생성.""}",
EQ00321,맹렬한 강철 망치,EQ00329,51,4,20,70,140,,,,200,400,700,,,,2,,,,,,,,,,,,,,TRUE,TRUE,TRUE,TRUE,,FALSE,"""적에게 피격 시 50% 확률로 20초동안 경직저항, 무게 증가, 넘어지지 않는다. (쿨타임 30초)""",,
EQ00321_1,신중한 강철 망치,EQ00329,51,4,20,47,77,20,92,184,,,,,,,2,,,,,,,,,,,,,,TRUE,TRUE,TRUE,TRUE,,FALSE,"""적에게 피격 시 50% 확률로 20초동안 경직저항, 무게 증가, 넘어지지 않는다. (쿨타임 30초)""",,
EQ00321_2,노련한 강철 망치,EQ00329,51,4,,,,,,,200,700,1400,20,100,160,2,,,,,,,,,,,,,,TRUE,TRUE,TRUE,TRUE,,FALSE,"""적에게 피격 시 50% 확률로 20초동안 경직저항, 무게 증가, 넘어지지 않는다. (쿨타임 30초)""",,
EQ00321_3,치밀한 강철 망치,EQ00329,51,4,,,,20,60,100,,,,40,140,280,2,,,,,,,,,,,,,,TRUE,TRUE,TRUE,TRUE,,FALSE,"""적에게 피격 시 50% 확률로 20초동안 경직저항, 무게 증가, 넘어지지 않는다. (쿨타임 30초)""",,
EQ00325,맹렬한 강철 활,EQ00329,51,4,20,70,140,,,,200,400,700,,,,2,,,,,,,,,,,,,,TRUE,TRUE,TRUE,TRUE,,FALSE,,"{""head"":""스킬 적중 시 50% 확률로 모든 적에게 화염 속성"",""min"":""100"",""max"":""500"",""tail"":""추가 피해 5회 (쿨타임 30초)""}",
EQ00325_1,신중한 강철 활,EQ00329,51,4,20,47,77,20,92,184,,,,,,,2,,,,,,,,,,,,,,TRUE,TRUE,TRUE,TRUE,,FALSE,,"{""head"":""스킬 적중 시 50% 확률로 모든 적에게 화염 속성"",""min"":""100"",""max"":""500"",""tail"":""추가 피해 5회 (쿨타임 30초)""}",
EQ00325_2,노련한 강철 활,EQ00329,51,4,,,,,,,200,700,1400,20,100,160,2,,,,,,,,,,,,,,TRUE,TRUE,TRUE,TRUE,,FALSE,,"{""head"":""스킬 적중 시 50% 확률로 모든 적에게 화염 속성"",""min"":""100"",""max"":""500"",""tail"":""추가 피해 5회 (쿨타임 30초)""}",
EQ00325_3,치밀한 강철 활,EQ00329,51,4,,,,20,60,100,40,140,280,,,,2,,,,,,,,,,,,,,TRUE,TRUE,TRUE,TRUE,,FALSE,,"{""head"":""스킬 적중 시 50% 확률로 모든 적에게 화염 속성"",""min"":""100"",""max"":""500"",""tail"":""추가 피해 5회 (쿨타임 30초)""}",
EQ00296,디르펙티아 레이피어,EQ00296,61,4,50,70,140,,,,60,670,840,,,,2,,,,,,,,,,,,,,TRUE,TRUE,TRUE,TRUE,,FALSE,,"{""head"":""피격 시 50% 확률로 타격 반사 피해"",""min"":""200"",""max"":""700"",""tail"":""발생 (쿨타임 20초)""}",
EQ00302,치밀한 금빛 화관,EQ00296,56,4,,,,,,,,,,80,140,280,1,,,,,,,,5,,,,,,TRUE,TRUE,TRUE,TRUE,,FALSE,,,
EQ00302_1,노련한 금빛 화관,EQ00296,56,4,,,,,,,400,700,1400,,,,1,,,,,,,,5,,,,,,TRUE,TRUE,TRUE,TRUE,,FALSE,,,
EQ00302_2,신중한 금빛 화관,EQ00296,56,4,,,,40,92,184,,,,,,,1,,,,,,,,5,,,,,,TRUE,TRUE,TRUE,TRUE,,FALSE,,,
EQ00302_3,맹렬한 금빛 화관,EQ00296,56,4,40,70,140,,,,,,,,,,1,,,,,,,,5,,,,,,TRUE,TRUE,TRUE,TRUE,,FALSE,,,
EQ00298,치밀한 강철 신발,EQ00296,51,4,,,,,,,,,,40,140,280,1,,,,,,,,,,,,,,TRUE,TRUE,TRUE,TRUE,,FALSE,"""※ 중복 착용 시 1개만 발동 됩니다.""","{""head"":""회피 시 체력"",""min"":""100"",""max"":""300"",""tail"":""회복 (쿨타임 20초)""}",
EQ00298_1,노련한 강철 신발,EQ00296,51,4,,,,,,,200,700,1400,,,,1,,,,,,,,,,,,,,TRUE,TRUE,TRUE,TRUE,,FALSE,"""※ 중복 착용 시 1개만 발동 됩니다.""","{""head"":""회피 시 체력"",""min"":""100"",""max"":""300"",""tail"":""회복 (쿨타임 20초)""}",
EQ00298_2,신중한 강철 신발,EQ00296,51,4,,,,20,92,184,,,,,,,1,,,,,,,,,,,,,,TRUE,TRUE,TRUE,TRUE,,FALSE,"""※ 중복 착용 시 1개만 발동 됩니다.""","{""head"":""회피 시 체력"",""min"":""100"",""max"":""300"",""tail"":""회복 (쿨타임 20초)""}",
EQ00298_3,맹렬한 강철 신발,EQ00296,51,4,20,70,140,,,,,,,,,,1,,,,,,,,,,,,,,TRUE,TRUE,TRUE,TRUE,,FALSE,"""※ 중복 착용 시 1개만 발동 됩니다.""","{""head"":""회피 시 체력"",""min"":""100"",""max"":""300"",""tail"":""회복 (쿨타임 20초)""}",
EQ00339,이니티움 단검,"EQ00339,EQ00339_1",71,4,,70,140,,,,300,,,,140,280,2,,,10,,,,,,,,,,,TRUE,TRUE,TRUE,TRUE,,FALSE,"""일반 공격 적중 시 상대에세 폭발 스택을 쌓는다. (5초) 폭발 스택이 20개가 되었을 때 스킬을 사용하면 화염 속성 피해를 준다."",""[세트 효과] - '이니티움 창'과 같이 착용 시 '이니티움 오거'에게 공격력 +120, 스킬 위력 +50""",,
EQ00340,이니티움 창,"EQ00339,EQ00340",71,4,,,,,92,184,300,,,,140,280,2,,,10,,,,,10,,,,,,TRUE,TRUE,TRUE,TRUE,,FALSE,"""[세트 효과] - '이니티움 창'과 같이 착용 시 '이니티움 오거'에게 공격력 +120, 스킬 위력 +50""","{""head"":""마비, 화상에 걸렸을 때 체력을"",""min"":""100"",""max"":""500"",""tail"":""회복한다. (쿨타임 30초)""}",
EQ00331,맹렬한 붉은 망치,EQ00339,71,4,20,70,140,,,,200,400,700,,,,2,,,,,,,,10,,,,,,TRUE,TRUE,TRUE,TRUE,,FALSE,"""적에게 피격 시 50% 확률로 25초동안 경직저항, 무게 증가, 넘어지지 않는다. (쿨타임 30초)""",,
EQ00331_1,신중한 붉은 망치,EQ00339,71,4,20,47,77,20,92,184,,,,,,,2,,,,,,,,10,,,,,,TRUE,TRUE,TRUE,TRUE,,FALSE,"""적에게 피격 시 50% 확률로 25초동안 경직저항, 무게 증가, 넘어지지 않는다. (쿨타임 30초)""",,
EQ00331_2,노련한 붉은 망치,EQ00339,71,4,,,,,,,200,700,1400,20,100,160,2,,,,,,,,10,,,,,,TRUE,TRUE,TRUE,TRUE,,FALSE,"""적에게 피격 시 50% 확률로 25초동안 경직저항, 무게 증가, 넘어지지 않는다. (쿨타임 30초)""",,
EQ00331_3,치밀한 붉은 망치,EQ00339,71,4,,,,20,60,100,,,,40,140,280,2,,,,,,,,10,,,,,,TRUE,TRUE,TRUE,TRUE,,FALSE,"""적에게 피격 시 50% 확률로 25초동안 경직저항, 무게 증가, 넘어지지 않는다. (쿨타임 30초)""",,
EQ00335,맹렬한 붉은 활,EQ00339,71,4,20,70,140,,,,200,400,700,,,,2,,,,,,,,10,,,,,,TRUE,TRUE,TRUE,TRUE,,FALSE,,"{""head"":""스킬 적중 시 50% 확률로 모든 적에게 참격 속성"",""min"":""100"",""max"":""600"",""tail"":""추가 피해 5회 (쿨타임 30초)""}",
EQ00335_1,신중한 붉은 활,EQ00339,71,4,20,47,77,20,92,184,,,,,,,2,,,,,,,,10,,,,,,TRUE,TRUE,TRUE,TRUE,,FALSE,,"{""head"":""스킬 적중 시 50% 확률로 모든 적에게 참격 속성"",""min"":""100"",""max"":""600"",""tail"":""추가 피해 5회 (쿨타임 30초)""}",
EQ00335_2,노련한 붉은 활,EQ00339,71,4,,,,,,,200,700,1400,20,100,160,2,,,,,,,,10,,,,,,TRUE,TRUE,TRUE,TRUE,,FALSE,,"{""head"":""스킬 적중 시 50% 확률로 모든 적에게 참격 속성"",""min"":""100"",""max"":""600"",""tail"":""추가 피해 5회 (쿨타임 30초)""}",
EQ00335_3,치밀한 붉은 활,EQ00339,71,4,,,,20,60,100,,,,40,140,280,2,,,,,,,,10,,,,,,TRUE,TRUE,TRUE,TRUE,,FALSE,,"{""head"":""스킬 적중 시 50% 확률로 모든 적에게 참격 속성"",""min"":""100"",""max"":""600"",""tail"":""추가 피해 5회 (쿨타임 30초)""}",
EQ00312,파뇨푸치 지팡이,EQ00312,41,4,50,60,100,,,,,,,100,110,200,2,,,,,,,,,,,,,,TRUE,TRUE,TRUE,TRUE,파뇨푸치,FALSE,"""'캣 플래쉬' 스킬 사용 시, 가까이에 있는 아군 체력도 회복시킨다.""",,
EQ00313,가고일 서클릿,EQ00313,41,4,15,,,50,70,130,,,,100,110,200,2,,,,,,,,,,,,,,TRUE,TRUE,TRUE,TRUE,캬셀 레이키,FALSE,,"{""head"":""'풀 다운' 스킬 사용 시, 추가 피해를 주며, 체력을"",""min"":""200"",""max"":""600"",""tail"":""회복한다.""}",
EQ00314,기사의 투구,EQ00314,41,4,,,,50,60,110,400,800,1600,,,,2,,,,,,,,,,,,,,TRUE,TRUE,TRUE,TRUE,라이티카,FALSE,,"{""head"":""'뇌전 보호막' 스킬의 쿨타임이 감소되며 적중 시, 체력을"",""min"":""50"",""max"":""250"",""tail"":""회복한다.""}",
EQ00311,해적의 화약총,EQ00311,41,4,15,,,50,70,130,,,,100,110,200,2,,,,,,,,,,,,,,TRUE,TRUE,TRUE,TRUE,마리아나,FALSE,"""회피 시, 전방에 피해를 준다. (쿨타임 20초)""",,
EQ00308,린도의 장신구,EQ00308,41,4,50,60,100,,,,,,,100,110,200,2,,,,,,,,,,,,,,TRUE,TRUE,TRUE,TRUE,시이케 린도,FALSE,"""'악몽 집결' 스킬 사용 시, 범위가 증가된 추가 피해를 준다.""",,
EQ00309,용의 울음소리,EQ00309,41,4,50,60,100,100,110,200,,,,,,,2,,,,,,,,,,,,,,TRUE,TRUE,TRUE,TRUE,스피카,FALSE,"""'용의 노래' 스킬을 적중 할 때마다, 적을 밀어낸다.""",,
EQ00310,칼리오스 호신부,EQ00310,41,4,,,,50,60,110,400,800,1600,,,,2,,,,,,,,,,,,,,TRUE,TRUE,TRUE,TRUE,진천휘,FALSE,,"{""head"":""'영멸소각[참]'과 '잔월'의 쿨타임이 감소되며, '잔월' 사용 시, "",""min"":""100"",""max"":""500"",""tail"":""보호막 상태가 된다.""}",
EQ00319,사령술사 지팡이,EQ00319,41,4,15,,,50,70,130,,,,100,110,200,2,,,,,,,,,,,,,,TRUE,TRUE,TRUE,TRUE,후리아 후루데,FALSE,,"{""head"":""'영혼의 힘' 스킬 사용 시, 자신의 소환수에게 방어력을 120 상승 [10초], 체력을"",""min"":""100"",""max"":""400"",""tail"":""회복시킨다.""}",
EQ00320,무희의 허리띠,EQ00320,41,4,15,,,50,70,130,,,,100,110,200,2,,,,,,,,,,,,,,TRUE,TRUE,TRUE,TRUE,에나스,FALSE,"""'치유의 춤' 스킬 사용 시, 모든 아군의 화염 저항 20% 상승시킨다. [16초]""",,
EQ00251,루파루 장갑,EQ00251,41,4,50,60,100,,,,,,,100,110,200,2,,,,,,,,,,,,,,TRUE,TRUE,TRUE,TRUE,루파루 듀엘,FALSE,,"{""head"":""공격 적중 시 체력을"",""min"":""100"",""max"":""400"",""tail"":""회복 (쿨타임 30초)""}",
EQ00318,수녀의 헤어밴드,EQ00318,41,4,50,60,100,,,,,,,100,110,200,2,,,,,,,,,,,,,,TRUE,TRUE,TRUE,TRUE,에나,FALSE,"""'정화의 기도' 스킬 적중 시, 방어력 120 저하시킨다. [10초]""",,
EQ00315,여행자 가방,EQ00315,41,4,50,60,100,,,,,,,100,110,200,2,,,,,,,,,,,,,,TRUE,TRUE,TRUE,TRUE,루크 헤인스,FALSE,"""'꽃 바구니' 스킬 사용 시, 자신과 아군의 신성 저항 20% 상승시킨다. [12초]""",,
EQ00316,신사의 중절모,EQ00316,41,4,15,,,50,70,130,,,,100,110,200,2,,,,,,,,,,,,,,TRUE,TRUE,TRUE,TRUE,제리코,FALSE,"""'까마귀 화신' 스킬 적중 시, 적을 밀어낸다.""",,
EQ00317,얼어붙은 장신구,EQ00317,41,4,50,60,100,,,,,,,100,110,200,2,,,,,,,,,,,,,,TRUE,TRUE,TRUE,TRUE,카퓨레 위셔,FALSE,"""'빙하의 파편'과 '빙하의 창'의 쿨타임 감소""",,
EQ00307,베르나 삼지창,EQ00307,66,4,50,70,135,,,,,,,100,125,250,2,,,,,,,,,,,,,,TRUE,TRUE,TRUE,FALSE,,TRUE,,"{""head"":""근접 요원 : 체력이 0이었을 때, 1%의 체력으로 부활하며 5초 동안 보호막이 걸리고, 궁극기"",""min"":""50"",""max"":""100"",""tail"":""% 충전 (1회)""},{""head"":""탱커, 원거리 요원 : 체력이 0이었을 때, 1%의 체력으로 부활하며 3초 동안 보호막 생성, 궁극기"",""min"":""10"",""max"":""30"",""tail"":""% 충전 (1회)""}",
EQ00329_1,네이티브 갑옷 Lv.2,EQ00329_2,66,4,20,,,20,92,184,200,700,1400,,,,2,,,,,,,,,,,,,,TRUE,TRUE,TRUE,TRUE,,TRUE,,"{""head"":""적에게 피격 스탯 30회 때 10초 동안 보호막"",""min"":""100"",""max"":""500"",""tail"":""생성.""},{""head"":""체력 20%일 때 체력"",""min"":""400"",""max"":""800"",""tail"":""회복 1회.""}",
EQ00341,제왕의 투구,EQ00341,76,4,50,,,20,92,184,200,700,1400,,,,2,,,5,5,5,,,,30,,,0,350,TRUE,TRUE,TRUE,TRUE,,TRUE,"""상태이상을 1회 방어 (전투 내 1회)""","{""head"":""[세트 효과] - '글라디아 바솔트'와 같이 착용 시 체력 40%일 때 30초간 공격력 +"",""min"":""0"",""max"":""120"",""tail"":""(1회)""}",
EQ00350,거미의 낫,"EQ00350,EQ00350_1",81,5,,100,150,,,,,800,1500,,150,300,2,,,,,,,,,,,,,,TRUE,TRUE,TRUE,TRUE,,FALSE,"""※ 탱커, 근접 요원일 경우 전투 진입 시 공격력 +100, 체력 +500""","{""head"":""공격 적중 시 50% 확률로 타격과 참격 추가 피해"",""min"":""400"",""max"":""1000"",""tail"":""발생 (쿨타임 8초)""}",
EQ00351,방랑기사의 검,EQ00351,81,5,,,,,,,1500,,,300,,,,,,,,,,,,,,,,,TRUE,TRUE,TRUE,TRUE,크라우저,FALSE,,,
EQ00346,치밀한 은제 귀걸이,EQ00350_1,76,5,,,,,,,,750,1500,,150,300,2,,,,,,,,10,,,,,,TRUE,TRUE,TRUE,TRUE,,FALSE,,,
EQ00346_1,노련한 은제 귀걸이,EQ00350_1,76,5,,75,150,,,,,750,1500,,,,2,,,,,,,,10,,,,,,TRUE,TRUE,TRUE,TRUE,,FALSE,,,
EQ00346_2,신중한 은제 귀걸이,EQ00350_1,76,5,30,,,,80,160,,,,,150,300,2,,,,,,,,10,,,,,,TRUE,TRUE,TRUE,TRUE,,FALSE,,,
EQ00346_3,맹렬한 은제 귀걸이,EQ00350_1,76,5,,75,150,,,,,,,,150,300,2,,,,,,,,10,,,,,,TRUE,TRUE,TRUE,TRUE,,FALSE,,,
EQ00342,치밀한 은제 목걸이,EQ00350_1,71,5,50,,,,,,1000,,,,150,300,1,,,,,,,,,,,,,,TRUE,TRUE,TRUE,TRUE,,FALSE,,,
EQ00342_1,노련한 은제 목걸이,EQ00350_1,71,5,75,,,,,,,750,1500,150,150,300,1,,,,,,,,,,,,,,TRUE,TRUE,TRUE,TRUE,,FALSE,,,
EQ00342_2,신중한 은제 목걸이,EQ00350_1,71,5,80,,,,80,160,1000,,,,,,1,,,,,,,,,,,,,,TRUE,TRUE,TRUE,TRUE,,FALSE,,,
EQ00342_3,맹렬한 은제 목걸이,EQ00350_1,71,5,,100,200,,,,1000,,,,,,1,,,,,,,,,,,,,,TRUE,TRUE,TRUE,TRUE,,FALSE,,,
EQ00350_1,거미의 낫 Lv.2,,81,4,30,100,150,,,,,800,1500,,150,300,2,,,,,,,,,,,,,,TRUE,TRUE,TRUE,TRUE,,FALSE,"""탱커, 근접 요원일 경우 전투 진입 시 공격력 +200, 체력 +1000""","{""head"":""공격 적중 시 50% 확률로 타격과 참격 추가 피해"",""min"":""600"",""max"":""1200"",""tail"":""발생 (쿨타임 5초)""}",
EQ00365,치밀한 금제 지팡이,"EQ00365,EQ00365_1",81,5,40,75,150,,,,,,,,150,300,2,,,,,,,,,,,,,,FALSE,FALSE,TRUE,FALSE,,FALSE,,"{""head"":""스킬 적중 시 50% 확률로 모든 적에게 암흑 속성"",""min"":""150"",""max"":""650"",""tail"":""추가 피해 5회 (쿨타임 30초)""}",
EQ00364,노련한 금제 신발,"EQ00365,EQ00365_1",81,5,40,,,,,,,750,1500,,150,300,2,,,,,,,,,,,,,,FALSE,FALSE,FALSE,TRUE,,FALSE,"""스킬 사용 시, 궁극기 추가 충전""",,
EQ00363,신중한 금제 사각방패,"EQ00365,EQ00365_1",81,5,70,,,,80,160,,,,,150,300,2,,,,,,,,,,,,,,FALSE,TRUE,FALSE,FALSE,,FALSE,"""상태 이상을 2회 방어 (전투 내 2회)""",,
EQ00362,맹렬한 금제 대검,"EQ00365,EQ00365_1",81,5,40,75,150,,,,,,,,150,300,2,,,,,,,,,,0,200,,,TRUE,FALSE,FALSE,FALSE,,FALSE,,,
EQ00357,치밀한 은제 지팡이,"EQ00365,EQ00365_1",76,5,40,,,,,,,750,1500,,150,300,2,,,,,,,,,,,,,,TRUE,TRUE,TRUE,TRUE,,FALSE,,"{""head"":""(vs 케르베로스) 공격력 +"",""min"":""90"",""max"":""120"",""tail"":""""}",
EQ00356,신중한 은제 신발,"EQ00365,EQ00365_1",76,5,40,75,150,,,,,750,1500,,,,2,,,,,,,,,,,,,,TRUE,TRUE,TRUE,TRUE,,FALSE,,"{""head"":""(vs 케르베로스) 공격력 +"",""min"":""90"",""max"":""120"",""tail"":""""}",
EQ00355,치밀한 은제 사각 방패,"EQ00365,EQ00365_1",76,5,70,,,,80,160,,,,,150,300,2,,,,,,,,,,,,,,TRUE,TRUE,TRUE,TRUE,,FALSE,,"{""head"":""(vs 케르베로스) 공격력 +"",""min"":""90"",""max"":""120"",""tail"":""""}",
EQ00354,신중한 은제 대검,"EQ00365,EQ00365_1",76,5,40,75,150,,,,,,,,150,300,2,,,,,,,,,,,,,,TRUE,TRUE,TRUE,TRUE,,FALSE,,"{""head"":""(vs 케르베로스) 공격력 +"",""min"":""90"",""max"":""120"",""tail"":""""}",
EQ00357_1,노련한 은제 지팡이,"EQ00365,EQ00373",71,5,80,,,,,,1000,,,,150,300,1,,,,,,,,,,,,,,TRUE,TRUE,TRUE,TRUE,,FALSE,"""중복 착용 시 1개만 발동 됩니다.""","{""head"":""회피 시 체력"",""min"":""100"",""max"":""500"",""tail"":""회복 (쿨타임 20초)""}",
EQ00356_1,맹렬한 은제 신발,"EQ00365,EQ00373",71,5,105,,,,,,,750,1500,150,,,1,,,,,,,,,,,,,,TRUE,TRUE,TRUE,TRUE,,FALSE,"""중복 착용 시 1개만 발동 됩니다.""","{""head"":""회피 시 체력"",""min"":""100"",""max"":""500"",""tail"":""회복 (쿨타임 20초)""}",
EQ00355_1,노련한 은제 사각 방패,"EQ00365,EQ00373",71,5,110,,,,80,160,1000,,,,,,1,,,,,,,,,,,,,,TRUE,TRUE,TRUE,TRUE,,FALSE,"""중복 착용 시 1개만 발동 됩니다.""","{""head"":""회피 시 체력"",""min"":""100"",""max"":""500"",""tail"":""회복 (쿨타임 20초)""}",
EQ00354_1,맹렬한 은제 대검,"EQ00365,EQ00373",71,5,30,100,200,,,,1000,,,,,,1,,,,,,,,,,,,,,TRUE,TRUE,TRUE,TRUE,,FALSE,"""중복 착용 시 1개만 발동 됩니다.""","{""head"":""회피 시 체력"",""min"":""100"",""max"":""500"",""tail"":""회복 (쿨타임 20초)""}",
EQ00380,미친개의 발톱,EQ00380,81,5,,75,150,,,,500,,,,150,300,2,,,,,,,,,,,,,,TRUE,TRUE,TRUE,TRUE,비셔스,FALSE,"""'끝장' 스킬 적중 시, 대상에게 출혈 피해 발생""",,
EQ00373,벤트라타 클로,"EQ00373,EQ00373_1",81,5,,75,155,,,,,300,450,,200,400,3,,,,,,,,,,,,,,TRUE,TRUE,TRUE,TRUE,,FALSE,"""벤트라타의 전체 필드 공격을 받지 않는다.""","{""head"":""체력이 20% 이하일 때, 주위의 아군과 함께 10초 동안 전격 속성 저항"",""min"":""0"",""max"":""20"",""tail"":""증가 (1회)""}",
EQ00354_2,치밀한 은제 대검,EQ00373,76,5,40,75,150,,,,,,,,150,300,2,,,,,,,,,,,,,,TRUE,TRUE,TRUE,TRUE,,FALSE,,"{""head"":""(vs 폭주하는 벤트라타) 공격력 +"",""min"":""90"",""max"":""120"",""tail"":""""}",
EQ00355_2,신중한 은제 사각 방패,EQ00373,76,5,70,,,,80,160,,,,,150,300,2,,,,,,,,,,,,,,TRUE,TRUE,TRUE,TRUE,,FALSE,,"{""head"":""(vs 폭주하는 벤트라타) 공격력 +"",""min"":""90"",""max"":""120"",""tail"":""""}",
EQ00356_2,노련한 은제 신발,EQ00373,76,5,40,75,150,,,,,750,1500,,,,2,,,,,,,,,,,,,,TRUE,TRUE,TRUE,TRUE,,FALSE,,"{""head"":""(vs 폭주하는 벤트라타) 공격력 +"",""min"":""90"",""max"":""120"",""tail"":""""}",
EQ00357_2,맹렬한 은제 지팡이,EQ00373,76,5,40,,,,,,,750,1500,,150,300,2,,,,,,,,,,,,,,TRUE,TRUE,TRUE,TRUE,,FALSE,,"{""head"":""(vs 폭주하는 벤트라타) 공격력 +"",""min"":""90"",""max"":""120"",""tail"":""""}",
EQ00368,탐욕의 낫,EQ00368,81,5,,75,150,,,,500,,,,150,300,2,,,,,,,,,,,,,,TRUE,TRUE,TRUE,TRUE,쇼콜라,FALSE,,"{""head"":""'탐욕의 수확' 스킬 적중 시, 방어력"",""min"":""0"",""max"":""100"",""tail"":""저하시킨다. [10초]""}",
EQ00352,슈폰델의 빛,EQ00352,81,5,100,,,,,,1500,,,300,,,,,,,,,,,,,200,200,,,TRUE,TRUE,TRUE,TRUE,크라우저,FALSE,"""'심판' 스킬 사용 시, 600 보호막 상태가 된다.""",,
EQ00396,억제의 수갑,EQ00396,91,5,,75,150,,,,1000,300,500,130,180,230,2,,,10,,,,,,,,,,,FALSE,FALSE,TRUE,TRUE,,FALSE,"""화염 속성 적을 공격 시 공격력 30% 증가 (최대:400)"",""상태이상을 2회 방어 (전투 내 2회)""","{""head"":""(vs 인페르노) 공격력 +"",""min"":""0"",""max"":""120"",""tail"":""""}",
EQ00394,폭염의 구슬,EQ00394,91,5,120,100,120,,60,120,1000,300,500,,,,2,,,10,,,,,,,,,,,TRUE,TRUE,FALSE,FALSE,,FALSE,"""화염 속성 적을 공격 시 공격력 30% 증가 (최대:400)""","{""head"":""상태이상에 걸렸을 때 체력을"",""min"":""100"",""max"":""300"",""tail"":""회복한다. (쿨타임 10초, 전투 내 5회)""},{""head"":""(vs 인페르노) 공격력 +"",""min"":""0"",""max"":""120"",""tail"":""""}",
EQ00369,해적의 사브르,EQ00369,81,5,,75,155,60,,,,,,,200,400,2,,,,,,,,,,,,,,TRUE,TRUE,TRUE,TRUE,,FALSE,"""'침묵' 스킬을 5회 방어 (전투 내 5회)""",,
EQ00366,케르베로스 아대,EQ00366,81,5,,100,150,10,60,120,,800,1500,,,,3,,,,,,,,,,,,,,TRUE,TRUE,FALSE,FALSE,,TRUE,"""방어중인 대상 공격 시 20% 확률로 7초 동안 출혈을 발생 (쿨타임 20초)""","{""head"":""(vs 대형 대상) 공격력 +"",""min"":""0"",""max"":""120"",""tail"":""""}",
EQ00367,케르베로스 팔찌,EQ00367,81,5,,100,150,,,,,800,1500,,100,200,3,,,,,,,,,,,,,,FALSE,FALSE,TRUE,TRUE,,TRUE,,"{""head"":""체력이 20% 이하일 때, 주위의 아군과 함께 10초 동안 스킬 위력"",""min"":""0"",""max"":""200"",""tail"":""증가 (1회)""},{""head"":""(vs 대형 대상) 공격력 +"",""min"":""0"",""max"":""120"",""tail"":""""}",
EQ00367_1,케르베로스 팔찌 S,EQ00367_1,86,5,50,100,150,,,,,800,1500,60,100,200,3,,,,,,,,,,,,,,FALSE,FALSE,TRUE,TRUE,,TRUE,"""전투 진입 시 참격, 전격 속성 저항 +10""","{""head"":""체력이 20% 이하일 때, 주위의 아군과 함께 10초 동안 스킬 위력"",""min"":""0"",""max"":""200"",""tail"":""증가 (1회)""},{""head"":""(vs 대형 대상) 공격력 +"",""min"":""0"",""max"":""120"",""tail"":""""},{""head"":""(vs 폭주하는 벤트라타) 공격력 +"",""min"":""0"",""max"":""120"",""tail"":""""}","{""name"":""폭"",""head"":""전투 시작 후 30초 동안 대형 이상 대상에게 스킬 공격 적중 시 체력"",""min"":""0"",""max"":""500"",""tail"":""회복""},{""name"":""창"",""head"":""체력 20% 미만일때 10초 동안 피해량"",""min"":""0"",""max"":""20"",""tail"":""% 증가 (전투 내 1회)""},{""name"":""축"",""head"":""궁극기 적중 시 8초 동안 침묵 부여 (전투 내 1회)"",""min"":"""",""max"":"""",""tail"":""""},{""name"":""강"",""head"":""체력 50% 미만일때스킬 적중 시 7초 동안 저주 부여 (전투 내 1회)"",""min"":"""",""max"":"""",""tail"":""""},{""name"":""조"",""head"":""3세트 효과 : 체력 1500 증가, 처음 30초 동안 공격 시 참격 추가 피해"",""min"":"""",""max"":"""",""tail"":""""}"
EQ00366_1,케르베로스 아대 S,EQ00366_1,86,5,50,100,150,10,60,120,,800,1500,60,,,3,,,,,,,,,,,,,,TRUE,TRUE,FALSE,FALSE,,TRUE,"""방어중인 대상 공격 시 20% 확률로 7초 동안 출혈을 발생 (쿨타임 20초)"",""전투 진입 시 타격, 암흑 속성 저항 +10""","{""head"":""(vs 대형 대상) 공격력 +"",""min"":""0"",""max"":""120"",""tail"":""""},{""head"":""(vs 울부짖는 망령) 공격력 +"",""min"":""0"",""max"":""120"",""tail"":""""}","{""name"":""폭"",""head"":""전투 시작 후 30초 동안 대형 이상 대상에게 스킬 공격 적중 시 체력"",""min"":""0"",""max"":""500"",""tail"":""회복""},{""name"":""창"",""head"":""체력 20% 미만일때 10초 동안 피해량"",""min"":""0"",""max"":""20"",""tail"":""% 증가 (전투 내 1회)""},{""name"":""축"",""head"":""궁극기 적중 시 8초 동안 침묵 부여 (전투 내 1회)"",""min"":"""",""max"":"""",""tail"":""""},{""name"":""강"",""head"":""체력 50% 미만일때스킬 적중 시 7초 동안 저주 부여 (전투 내 1회)"",""min"":"""",""max"":"""",""tail"":""""},{""name"":""조"",""head"":""3세트 효과 : 체력 1500 증가, 처음 30초 동안 공격 시 참격 추가 피해"",""min"":"""",""max"":"""",""tail"":""""}"
EQ00396_1,억제의 수갑 Lv.2,EQ00396_1,96,5,,75,150,,,,1000,300,500,130,180,230,3,,,10,,,,,,,,,,,FALSE,FALSE,TRUE,TRUE,,TRUE,"""화염 속성 적을 공격 시 공격력 30% 증가 (최대:400)"",""상태이상을 2회 방어 (전투 내 2회)""","{""head"":""(vs 인페르노) 공격력 +"",""min"":""0"",""max"":""120"",""tail"":""""}","{""name"":""폭"",""head"":""전투 시작 후 30초 동안 대형 이상 대상에게 스킬 공격 적중 시 체력"",""min"":""0"",""max"":""500"",""tail"":""회복""},{""name"":""창"",""head"":""체력 20% 미만일때 10초 동안 피해량"",""min"":""0"",""max"":""20"",""tail"":""% 증가 (전투 내 1회)""},{""name"":""축"",""head"":""궁극기 적중 시 8초 동안 침묵 부여 (전투 내 1회)"",""min"":"""",""max"":"""",""tail"":""""},{""name"":""강"",""head"":""체력 50% 미만일때스킬 적중 시 7초 동안 저주 부여 (전투 내 1회)"",""min"":"""",""max"":"""",""tail"":""""},{""name"":""조"",""head"":""3세트 효과 : 체력 1500 증가, 처음 30초 동안 공격 시 참격 추가 피해"",""min"":"""",""max"":"""",""tail"":""""}"
EQ00394_1,폭염의 구슬 Lv.2,EQ00394_1,96,5,120,100,120,,60,120,100,300,500,,,,3,,,10,,,,,,,,,,,TRUE,TRUE,FALSE,FALSE,,TRUE,"""화염 속성 적을 공격 시 공격력 30% 증가 (최대:400)""","{""head"":""상태이상에 걸렸을 때 체력을"",""min"":""100"",""max"":""300"",""tail"":""회복한다. (쿨타임 10초, 전투 내 5회)""},{""head"":""(vs 인페르노) 공격력 +"",""min"":""0"",""max"":""120"",""tail"":""""}","{""name"":""폭"",""head"":""전투 시작 후 30초 동안 대형 이상 대상에게 스킬 공격 적중 시 체력"",""min"":""0"",""max"":""500"",""tail"":""회복""},{""name"":""창"",""head"":""체력 20% 미만일때 10초 동안 피해량"",""min"":""0"",""max"":""20"",""tail"":""% 증가 (전투 내 1회)""},{""name"":""축"",""head"":""궁극기 적중 시 8초 동안 침묵 부여 (전투 내 1회)"",""min"":"""",""max"":"""",""tail"":""""},{""name"":""강"",""head"":""체력 50% 미만일때스킬 적중 시 7초 동안 저주 부여 (전투 내 1회)"",""min"":"""",""max"":"""",""tail"":""""},{""name"":""조"",""head"":""3세트 효과 : 체력 1500 증가, 처음 30초 동안 공격 시 참격 추가 피해"",""min"":"""",""max"":"""",""tail"":""""}"
EQ00350_2,거미의 낫 Lv.3,EQ00350_3,86,5,30,100,150,,,,,800,1500,,150,300,3,,,,,,,,,,,,,,TRUE,TRUE,TRUE,TRUE,,FALSE,"""탱커, 근접 요원일 경우 전투 진입 시 공격력 +200, 체력 +1000""","{""head"":""공격 적중 시 50% 확률로 타격과 참격 추가 피해"",""min"":""600"",""max"":""1200"",""tail"":""발생 (쿨타임 5초)""}",
EQ00391,달그림자 지팡이,EQ00391,96,5,180,,,24,,,1500,,,300,,,,,,,,,,,,,,,,,TRUE,TRUE,TRUE,TRUE,다르세이아,FALSE,"""'그림자의 힘' 스킬 사용 시, 이동속도, 300 스킬 위력이 잠시 동안 상승한다.""",,
EQ00390,미지의 수정닻,EQ00390,96,5,180,,,24,,,1500,,,300,,,,,,,,,,,,,,,,,TRUE,TRUE,TRUE,TRUE,피제리아,FALSE,"""'빙글빙글' 스킬 사용 시, 500 보호막 상태가 된다."",""상태이상을 1회 방어 (전투 내 1회)""",,
EQ00389,파괴의 공명닻,EQ00389,96,5,180,,,24,,,1500,,,300,,,,,,,,,,,,,,,,,TRUE,TRUE,TRUE,TRUE,이스류나,FALSE,"""기간트 유형의 몬스터에게 피해량이 증가 한다."",""'이곳은 바다' 스킬의 쿨타임 20% 감소.""",,
EQ00426,전자 헤드셋,EQ00426,101,5,150,,,,,,1500,,,400,,,,,,,,,,,,,,,,,TRUE,TRUE,TRUE,TRUE,RV777,FALSE,"""'HR-6' 스킬 사용 시 500 보호막 상태가 된다.""",,
MA90099,안식의 장신구,MA90099,96,5,180,,,24,,,1500,,,300,,,,,,,,,,,,,,,,,TRUE,TRUE,TRUE,TRUE,메르테르,FALSE,"""'어이쿠!' 스킬 사용 시, 타격, 참격 속성의 아군의 체력을 추가로 500 회복 시킨다.""",,
EQ00392,A 카드,EQ00392,96,5,180,,,24,,,1500,,,300,,,,,,,,,,,,,,,,,TRUE,TRUE,TRUE,TRUE,스페이드,FALSE,"""'포카드' 스킬 사용 시, 자신에게, 또는 아군에게만, 또는 자신과 아군 전체에게 300 보호막이 걸리거나, 또는 자신의 이동속도가 잠시 동안 상승합니다.""",,
EQ00388,현상수배서,EQ00388,96,5,180,,,24,,,1500,,,300,,,,,,,,,,,,,,,,,TRUE,TRUE,TRUE,TRUE,앤블리,FALSE,"""'깊게 찌르기' 스킬 사용 시, 체력이 250 회복 (전투 내 5회) 된다.""",,
EQ00123_1,파고스노미콘 S,EQ00123_1,96,5,180,,,24,,,1500,,,300,,,,,,,,,,,,,,,,,TRUE,TRUE,TRUE,TRUE,네이선 데보라,FALSE,"""공격거리 +100"",""빙하의 안개 : '빙하의 안개' 스킬 적중 시, 동결 발생."",""빙하의 기품 : '빙하의 기품' 스킬 적중 시, 동결 발생.""",,
EQ00383,키사의 가방,EQ00383,96,5,180,,,24,,,1500,,,300,,,,,,,,,,,,,,,,,TRUE,TRUE,TRUE,TRUE,키사,FALSE,"""공격거리 +80"",""'삼연격', '승천타' 스킬의 쿨타임 20% 감소"",""'망국의 왕자' 스킬 적중 시, 추가 피해 발생.""",,
EQ00122_1,포티아노미콘 S,EQ00122_1,96,5,180,,,24,,,1500,,,300,,,,,,,,,,,,,,,,,TRUE,TRUE,TRUE,TRUE,네이선 파라,FALSE,"""공격거리 +100"",""폭파의 명인 : '용암 지대' 스킬 적중 시, 화상 피해 발생."",""폭렬의 명인 : '타오르는 불꽃' 스킬 적중 시, 화상 피해 발생.""",,
EQ90003_1,메렐로의 로자리오 S,EQ90003_1,96,5,180,,,24,,,1500,,,300,,,,,,,,,,,200,,,,,,TRUE,TRUE,TRUE,TRUE,라무,FALSE,"""스킬 사용 시 자신과 아군의 체력 700 회복이 추가 된다.""",,
EQ00386,산롱 대혈문 장갑,EQ00386,96,5,180,,,24,,,1500,,,300,,,,,,,,,,,,,,,,,TRUE,TRUE,TRUE,TRUE,야오 페이,FALSE,"""모든 스킬에 추가 피해를 준다."",""모든 스킬의 쿨타임 20% 감소.""",,
EQ00385,사형수의 검,EQ00385,96,5,180,,,24,,,1500,,,300,,,,,,,,,,,,,,,,,TRUE,TRUE,TRUE,TRUE,올랜드,FALSE,"""'재의 심판' 스킬 사용 시, 순간적으로 이동속도가 크게 상승, 잠시 동안 경직저항 증가, 500 보호막이 추가 된다."",""'영멸소각[진]' 스킬 적중 시, 화상 피해 발생.""",,
EQ00407,Open Me!,EQ00407,81,5,220,,,,,,,800,1500,,100,300,2,,,,,,,,,,,,,,TRUE,TRUE,TRUE,TRUE,솔비,FALSE,"""'축하합니다!' 스킬 사용시 자신과 아군 요원 중 근접에게 300 스킬위력이 잠시 동안 상승한다.""",,
EQ00406,검은 깃털 목걸이,"EQ00406,EQ00406_1",101,6,,50,130,,,,,600,1500,,100,300,3,,,,,,,,,,,,,,TRUE,TRUE,TRUE,TRUE,,FALSE,"""전격 속성 적을 공격 시 공격력 25% 증가 (최대:300)""",,
EQ00364_1,치밀한 금제 신발,"EQ00406,EQ00418,EQ00423",101,6,10,,,80,,,,750,1500,,150,300,2,,,,,,,,30,,,,,,FALSE,FALSE,FALSE,TRUE,,FALSE,,"{""head"":""회피 시 방어력 +"",""min"":""0"",""max"":""100"",""tail"":""10초 동안 증가 (쿨타임 30초)""}",
EQ00365_1,신중한 금제 지팡이,"EQ00406,EQ00418,EQ00423",101,6,,75,150,,,,,750,1500,140,,,2,,,,,,,,30,,,,,,FALSE,FALSE,TRUE,FALSE,,FALSE,,"{""head"":""피격 시 30% 확률로 신성 반사 피해"",""min"":""100"",""max"":""600"",""tail"":""발생 (쿨타임 20초)""}",
EQ00362_1,노련한 금제 대검,"EQ00406,EQ00418,EQ00423",101,6,,,,,80,160,,,,,150,300,2,,,,,,,,30,,,,0,100,TRUE,FALSE,FALSE,FALSE,,FALSE,,,
EQ00363_1,맹렬한 금제 사각방패,"EQ00406,EQ00418,EQ00423",101,6,10,75,150,80,,,,,,,150,300,2,,,,,,,,30,,,,,,FALSE,TRUE,FALSE,FALSE,,FALSE,,"{""head"":""방어중인 대상 적중 시 20% 확률로 체력"",""min"":""0"",""max"":""200"",""tail"":""회복. (쿨타임 5초)""}",
EQ00356_3,치밀한 은제 신발,"EQ00406,EQ00418,EQ00423",101,6,50,,,,,,1000,,,140,150,300,1,,,,,,,,,,,,,,TRUE,TRUE,TRUE,TRUE,,FALSE,,,
EQ00357_3,신중한 은제 지팡이,"EQ00406,EQ00418,EQ00423",101,6,75,,,,,,700,750,1500,150,,,1,,,,,,,,,,,,,,TRUE,TRUE,TRUE,TRUE,,FALSE,,,
EQ00354_3,노련한 은제 대검,"EQ00406,EQ00418,EQ00423",101,6,80,,,,80,160,1000,,,140,,,1,,,,,,,,,,,,,,TRUE,TRUE,TRUE,TRUE,,FALSE,,,
EQ00355_3,맹렬한 은제 사각 방패,"EQ00406,EQ00418,EQ00423",101,6,70,100,200,,,,1000,,,,,,1,,,,,,,,,,,,,,TRUE,TRUE,TRUE,TRUE,,FALSE,,,
EQ00409,패러사이트 투구,EQ00409,101,6,,50,130,,,,,600,1500,,100,300,3,,,,,,,,,,,,,,TRUE,TRUE,TRUE,TRUE,,TRUE,,"{""head"":""마비, 수면에 걸렸을 때 체력을"",""min"":""100"",""max"":""500"",""tail"":""회복한다. (쿨타임 30초)""}",
EQ00412,패러사이트 단검,EQ00412,101,6,,50,130,,,,,600,1500,,100,300,3,,,,,,,,,,,,,,TRUE,TRUE,TRUE,TRUE,,TRUE,"""일반 공격 적중 시 상대에게 타격 스택을 쌓는다. (5초) 타격 스택이 10개가 되었을 때 마다 스킬을 사용하면 타격 속성 피해를 준다.""",,
EQ00406_1,검은 깃털 목걸이 Lv.2,EQ00406_2,101,6,20,50,130,,,,,600,1500,,100,300,3,5,5,,,,,,,,0,200,,,TRUE,TRUE,TRUE,TRUE,,FALSE,"""전격 속성 적을 공격 시 공격력 25% 증가 (최대:300)""",,"{""name"":""폭"",""head"":""전투 시작 후 30초 동안 대형 이상 대상에게 스킬 공격 적중 시 체력"",""min"":""0"",""max"":""500"",""tail"":""회복""},{""name"":""창"",""head"":""체력 20% 미만일때 10초 동안 피해량"",""min"":""0"",""max"":""20"",""tail"":""% 증가 (전투 내 1회)""},{""name"":""축"",""head"":""궁극기 적중 시 8초 동안 침묵 부여 (전투 내 1회)"",""min"":"""",""max"":"""",""tail"":""""},{""name"":""강"",""head"":""체력 50% 미만일때 스킬 적중 시 7초 동안 저주 부여 (전투 내 1회)"",""min"":"""",""max"":"""",""tail"":""""},{""name"":""조"",""head"":""3세트 효과 : 케르베로스, 인페르노 장비와 세트."",""min"":"""",""max"":"""",""tail"":""""},{""name"":"""",""head"":""근접/탱커 : 경직저항 증가, 처음 30초 동안만 스킬 적중 시 궁극기 충전 속도 증가"",""min"":"""",""max"":"""",""tail"":""""},{""name"":"""",""head"":""원거리/지원 : 체력 1500 증가, 처음 30초 동안 공격 시 참격 추가 피해"",""min"":"""",""max"":"""",""tail"":""""}"
EQ00306_1,베르나 목걸이 S,EQ00306_1,106,6,85,,,,,,100,600,1500,,200,400,2,,,,,,,,,,,,,,TRUE,TRUE,TRUE,TRUE,,FALSE,,"{""head"":""(vs 폭주하는 베르나) 공격력 +"",""min"":""100"",""max"":""150"",""tail"":"", 방어력 +50""}","{""name"":""폭"",""head"":""방어중인 대형 이상 대상에게 스킬 공격 적중 시 체력"",""min"":""0"",""max"":""500"",""tail"":""회복 (전투 내 5회)""},{""name"":""창"",""head"":""체력 30% 미만일때 10초 동안 스킬 위력"",""min"":""0"",""max"":""300"",""tail"":""증가 (전투 내 1회)""},{""name"":""축"",""head"":""궁극기 적중 시 8초 동안 저주, 독 부여 (전투 내 1회)"",""min"":"""",""max"":"""",""tail"":""""},{""name"":""강"",""head"":""체력 50% 미만일때 스킬 적중 시 10초 동안 침묵 부여 (전투 내 1회)"",""min"":"""",""max"":"""",""tail"":""""},{""name"":""조"",""head"":""3세트 효과 목걸이 S / 삼지창 S / 제왕의 투구 S"",""min"":"""",""max"":"""",""tail"":""""},{""name"":"""",""head"":""체력 1500 증가, 처음 30초 동안 공격 시 피해량 25% 증가 (이니티움 조 세트와 중첩되지 않습니다.)"",""min"":"""",""max"":"""",""tail"":""""}"
EQ00340_1,이니티움 창 S,EQ00340_1,101,6,90,,,,92,184,300,,,,200,400,2,,,10,,,,,30,,,,,,TRUE,TRUE,TRUE,TRUE,,FALSE,"""[세트 효과] - '이니티움 단검'과 같이 착용 시 '이니티움 오거'에게 공격력 +200, 스킬 위력 +150""","{""head"":""마비, 화상에 걸렸을 때 체력을"",""min"":""100"",""max"":""600"",""tail"":""회복한다. (쿨타임 30초)""}","{""name"":""폭"",""head"":""방어중인 대형 이상 대상에게 스킬 공격 적중 시 체력"",""min"":""0"",""max"":""500"",""tail"":""회복 (전투 내 5회)""},{""name"":""창"",""head"":""체력 30% 미만일때 10초 동안 스킬 위력"",""min"":""0"",""max"":""300"",""tail"":""증가 (전투 내 1회)""},{""name"":""축"",""head"":""궁극기 적중 시 8초 동안 저주, 독 부여 (전투 내 1회)"",""min"":"""",""max"":"""",""tail"":""""},{""name"":""강"",""head"":""체력 50% 미만일때 스킬 적중 시 10초 동안 침묵 부여 (전투 내 1회)"",""min"":"""",""max"":"""",""tail"":""""},{""name"":""조"",""head"":""3세트 효과 단검 S / 창 S / 투구 S"",""min"":"""",""max"":"""",""tail"":""""},{""name"":"""",""head"":""체력 1500 증가, 처음 30초 동안 공격 시 피해량 25% 증가"",""min"":"""",""max"":"""",""tail"":""""}"
EQ00339_1,이니티움 단검 S,EQ00339_2,101,6,60,50,130,,,,700,,,,200,400,2,,,10,,,,,30,,,,,,TRUE,TRUE,TRUE,TRUE,,FALSE,"""[세트 효과] - '이니티움 단검'과 같이 착용 시 '이니티움 오거'에게 공격력 +200, 스킬 위력 +150"",""일반 공격 적중 시 상대에게 폭발 스택을 쌓는다. (5초) 폭발 스택이 20개가 되었을 때 스킬을 사용하면 화염 속성 피해를 준다.""",,"{""name"":""폭"",""head"":""방어중인 대형 이상 대상에게 스킬 공격 적중 시 체력"",""min"":""0"",""max"":""500"",""tail"":""회복 (전투 내 5회)""},{""name"":""창"",""head"":""체력 30% 미만일때 10초 동안 스킬 위력"",""min"":""0"",""max"":""300"",""tail"":""증가 (전투 내 1회)""},{""name"":""축"",""head"":""궁극기 적중 시 8초 동안 저주, 독 부여 (전투 내 1회)"",""min"":"""",""max"":"""",""tail"":""""},{""name"":""강"",""head"":""체력 50% 미만일때 스킬 적중 시 10초 동안 침묵 부여 (전투 내 1회)"",""min"":"""",""max"":"""",""tail"":""""},{""name"":""조"",""head"":""3세트 효과 단검 S / 창 S / 투구 S"",""min"":"""",""max"":"""",""tail"":""""},{""name"":"""",""head"":""체력 1500 증가, 처음 30초 동안 공격 시 피해량 25% 증가"",""min"":"""",""max"":"""",""tail"":""""}"
EQ00418,디스거스트 견갑,EQ00418,106,6,50,,,,80,160,,600,1500,60,100,300,3,,5,,,,,5,,,0,100,,,TRUE,TRUE,TRUE,TRUE,,TRUE,"""상태 이상을 2회 방어 (전투 내 2회)"",""전투 진입 시 자신의 최대 체력 10%를 감소시킨다."",""원거리, 지원 요원일 경우 전투 진입 시 스킬 위력 +200""",,
EQ00421,포세리앙의 곡괭이,EQ00421,101,6,,100,150,,,,500,600,1500,,200,400,3,,,,,,,,,,,,,,TRUE,TRUE,TRUE,TRUE,포세리앙,FALSE,"""'포~ 세~ 포오~ 세~'와 '포세리앙 러쉬'의 쿨타임 감소""",,
EQ00422,방한용 신발,EQ00422,101,6,,100,150,,,,500,600,1500,,200,400,3,,,,,,,,,,,,,,TRUE,TRUE,TRUE,TRUE,킴벌라이트,FALSE,"""'펭귄 발사!' 스킬 사용시 자신과 아군 요원에게 화염 저항 20% 상승시킨다. [12초]""",,
EQ00423,키모어 방패,"EQ00423,EQ00423_1",106,6,50,100,150,,80160,,,,,150,100,300,3,5,5,,,,,,,,,,,,TRUE,TRUE,TRUE,TRUE,,TRUE,,"{""head"":""피격 시 30% 확률로 참격 반사 피해"",""min"":""200"",""max"":""700"",""tail"":""발생 (쿨타임 20초)""}",
EQ00341_1,제왕의 투구 S,EQ00341_1,106,6,50,,,20,92,184,500,600,1500,,100,300,3,,,5,5,5,,,,30,,,0,350,TRUE,TRUE,TRUE,TRUE,,TRUE,"""상태 이상을 2회 방어 (전투 내 2회)""","{""head"":""[세트 효과] - '글라디아 바솔트'와 같이 착용 시 체력 40%일 때 30초간 공격력 +"",""min"":""0"",""max"":""150"",""tail"":""(1회)""}","{""name"":""폭"",""head"":""방어중인 대형 이상 대상에게 스킬 공격 적중 시 체력"",""min"":""0"",""max"":""500"",""tail"":""회복 (전투 내 5회)""},{""name"":""창"",""head"":""체력 30% 미만일때 10초 동안 스킬 위력"",""min"":""0"",""max"":""300"",""tail"":""증가 (전투 내 1회)""},{""name"":""축"",""head"":""궁극기 적중 시 8초 동안 저주, 독 부여 (전투 내 1회)"",""min"":"""",""max"":"""",""tail"":""""},{""name"":""강"",""head"":""체력 50% 미만일때 스킬 적중 시 10초 동안 침묵 부여 (전투 내 1회)"",""min"":"""",""max"":"""",""tail"":""""},{""name"":""조"",""head"":""3세트 효과 단검 S / 창 S / 투구 S"",""min"":"""",""max"":"""",""tail"":""""},{""name"":"""",""head"":""체력 1500 증가, 처음 30초 동안 공격 시 피해량 25% 증가"",""min"":"""",""max"":"""",""tail"":""""}"
EQ00423_1,키모어 방패 Lv.2,EQ00423_2,111,6,100,100,150,,80,160,,,,160,100,300,3,5,5,,,,,,,,,,,,TRUE,TRUE,TRUE,TRUE,,TRUE,,"{""head"":""피격 시 30% 확률로 참격 반사 피해"",""min"":""300"",""max"":""800"",""tail"":""발생 (쿨타임 20초)""},{""head"":""탱커, 근접 요원일 경우 일반 공격 치명타 발생 시 자신의 체력을 피해량의"",""min"":""5"",""max"":""25"",""tail"":""% 회복 (쿨타임 20초)""}",
EQ00307_1,베르나 삼지창 S,EQ00307_1,111,6,,100,200,,,,500,600,1500,,200,400,3,,,,,,,,,,,,,,TRUE,TRUE,TRUE,FALSE,,TRUE,,"{""head"":""근접 요원 : 체력이 0이었을 때, 1%의 체력으로 부활하며 5초 동안 보호막이 걸리고, 궁극기"",""min"":""50"",""max"":""100"",""tail"":""% 충전 (1회)""},{""head"":""탱커, 원거리 요원 : 체력이 0이었을 때, 1%의 체력으로 부활하며 3초 동안 보호막 생성, 궁극기"",""min"":""10"",""max"":""30"",""tail"":""% 충전 (1회)""}","{""name"":""폭"",""head"":""방어중인 대형 이상 대상에게 스킬 공격 적중 시 체력"",""min"":""0"",""max"":""500"",""tail"":""회복 (전투 내 5회)""},{""name"":""창"",""head"":""체력 30% 미만일때 10초 동안 스킬 위력"",""min"":""0"",""max"":""300"",""tail"":""증가 (전투 내 1회)""},{""name"":""축"",""head"":""궁극기 적중 시 8초 동안 저주, 독 부여 (전투 내 1회)"",""min"":"""",""max"":"""",""tail"":""""},{""name"":""강"",""head"":""체력 50% 미만일때 스킬 적중 시 10초 동안 침묵 부여 (전투 내 1회)"",""min"":"""",""max"":"""",""tail"":""""},{""name"":""조"",""head"":""3세트 효과 목걸이 S / 삼지창 S / 제왕의 투구 S"",""min"":"""",""max"":"""",""tail"":""""},{""name"":"""",""head"":""체력 1500 증가, 처음 30초 동안 공격 시 피해량 25% 증가 (이니티움 조 세트와 중첩되지 않습니다.)"",""min"":"""",""max"":"""",""tail"":""""}"
EQ00423_2,키모어 방패 Lv.3,EQ00423_3,111,6,100,100,150,60,80,160,,,,160,100,300,3,5,5,,,,,,,,,,,,TRUE,TRUE,TRUE,TRUE,,TRUE,,"{""head"":""피격 시 30% 확률로 참격 반사 피해"",""min"":""400"",""max"":""900"",""tail"":""발생 (쿨타임 20초)""},{""head"":""탱커, 근접 요원일 경우 일반 공격 치명타 발생 시 자신의 체력을 피해량의"",""min"":""5"",""max"":""45"",""tail"":""% 회복 (쿨타임 20초)""}",
EQ00432,맹렬한 강철 서클렛,"EQ00432,EQ00436_1",121,7,50,100,200,,,,2000,,,,,,1,,,,,,,,20,,,,,,TRUE,TRUE,TRUE,TRUE,,FALSE,"""방어중 피격 시 20% 확률로 쉴드 회복 500 (쿨타임 20초)""",,
EQ00432_1,노련한 강철 서클렛,"EQ00432,EQ00436_1",121,7,50,,,,80,160,2800,,,,,,1,,,,,,,,20,,,,,,TRUE,TRUE,TRUE,TRUE,,FALSE,"""방어중 피격 시 20% 확률로 쉴드 회복 500 (쿨타임 20초)""",,
EQ00432_2,신중한 강철 서클렛,"EQ00432,EQ00436_1",121,7,50,,,,,,,750,1500,500,,,1,,,,,,,,20,,,,,,TRUE,TRUE,TRUE,TRUE,,FALSE,"""방어중 피격 시 20% 확률로 쉴드 회복 500 (쿨타임 20초)""",,
EQ00432_3,치밀한 강철 서클렛,"EQ00432,EQ00436_1",121,7,100,,,,,,2000,,,,150,300,1,,,,,,,,20,,,,,,TRUE,TRUE,TRUE,TRUE,,FALSE,"""방어중 피격 시 20% 확률로 쉴드 회복 500 (쿨타임 20초)""",,
EQ00428,맹렬한 강철 단검,"EQ00432,EQ00436_1",116,7,70,100,200,,,,1000,,,,,,1,,,,,,,,,,,,,,TRUE,TRUE,TRUE,TRUE,,FALSE,"""체력이 20% 이하인 상대를 공격 시 공격력 +300""",,
EQ00428_1,노련한 강철 단검,"EQ00432,EQ00436_1",116,7,80,,,,80,160,1000,,,140,,,1,,,,,,,,,,,,,,TRUE,TRUE,TRUE,TRUE,,FALSE,"""체력이 20% 이하인 상대를 공격 시 공격력 +300""",,
EQ00428_2,신중한 강철 단검,"EQ00432,EQ00436_1",116,7,75,,,,,,700,750,1500,150,,,1,,,,,,,,,,,,,,TRUE,TRUE,TRUE,TRUE,,FALSE,"""체력이 20% 이하인 상대를 공격 시 공격력 +300""",,
EQ00428_3,치밀한 강철 단검,"EQ00432,EQ00436_1",116,7,50,,,,,,1000,,,140,150,300,1,,,,,,,,,,,,,,TRUE,TRUE,TRUE,TRUE,,FALSE,"""체력이 20% 이하인 상대를 공격 시 공격력 +300""",,
EQ00436,엔도라스 클로,"EQ00436,EQ00436_1",121,7,50,100,150,,,,1500,,,,100,300,2,,,,,,,,30,,,,,,TRUE,TRUE,TRUE,TRUE,,FALSE,"""일반 공격 적중 시 상대에게 상처 스택을 쌓는다. (5초) 상처 스택이 10개가 되었을 때 스킬을 사용하면 3000 참격 속성 피해를 준다.""","{""head"":""회피 시 체력"",""min"":""200"",""max"":""600"",""tail"":""회복 (쿨타임 30초)""}",
EQ00320_1,무희의 허리띠 Lv.2,EQ00320_1,116,7,115,,,50,70,130,,,,100,110,500,2,,,,,,,,,,,,,,TRUE,TRUE,TRUE,TRUE,에나스,FALSE,"""'치유의 춤' 스킬의 쿨타임이 감소되며 사용 시, 모든 아군의 화염 저항 20% 상승시킨다. [16초]""",,
EQ00314_1,기사의 투구 Lv.2,EQ00314_1,116,7,230,,,50,60,110,400,800,1600,,,,2,,,,,,,,,,,,,,TRUE,TRUE,TRUE,TRUE,라이티카,FALSE,,"{""head"":""'뇌전 보호막' 스킬의 쿨타임이 감소되며 적중 시, 체력을"",""min"":""100"",""max"":""800"",""tail"":""회복한다.""}",
EQ00436_1,엔도라스 클로 Lv.2,EQ00436_2,121,7,100,100,150,,,,1500,,,,100,300,2,,,,,,,,30,,,,,,TRUE,TRUE,TRUE,TRUE,,FALSE,"""일반 공격 적중 시 상대에게 상처 스택을 쌓는다. (5초) 상처 스택이 10개가 되었을 때 스킬을 사용하면 3000 참격 속성 피해를 준다.""","{""head"":""회피 시 체력"",""min"":""200"",""max"":""700"",""tail"":""회복 (쿨타임 30초)""}",