Name,ID,ActBackground,Tier,Fatigue,Exp,RecStat,Nyang,Food,rsc_A_raw,rsc_B_raw,rsc_C_raw,rsc_D_raw,rsc_A,rsc_B,rsc_C,rsc_D,Time,RecAtk,RecDef,DropFixed,DropRandom,DropFixedItemWithNum,DropFixedItemID,DropFixedCocoonId,DropRandomItemID,DropRandomCocoonID,Desc
긴급 식량 공수,FREE0101,area_h_01_01,1,12,168,336,0,144,0,0,0,0,40,0,0,0,"2,0",FIL,C,,"""날고구마"",""단단한 껍질"",""신선한 고치""",,,,"MA00054,MA00055",CC00001,
박힌 돌과 굴러온 돌,FREE0102,area_l_01_01,1,12,168,360,50,0,0,0,0,0,50,0,0,0,"2,0",S,C,"{""무덤풀"":1, ""화약"":1}","""물방울"",""보라빛 니켈"",""단단한 돌"",""신선한 고치""","{""MA00002"" : 1,""MA00013"" : 1}","MA00002,MA00013",,"MA00001,MA00015,MA00012",CC00001,"먼 옛날 하늘 위로 탈출하지 못해, 지상에 남겨진 이들을 비선민이라 합니다.
지금은 독성에 변질되어, 완전히 이성이 없는 괴물입니다.
이들이 많이 모여있다는 것은, 과거 문명이 발달한 도시였을 가능성이 높습니다.
대단히 위험하지만, 탐사할 가치가 있습니다.

각종 소재, 자원을 모으기 위한 반복 퀘스트입니다."
랍스터 무한 리필,HUNT0101,area_h_01_01,1,14,196,480,0,56,0,0,0,0,50,0,0,0,"0,0",FIL,C,"{""화약"":1}","""거대한 껍질"",""그래핀 고치""","{""MA00013"" : 1}",MA00013,,MA00056,CC00002,그래핀 소재를 얻을 수 있습니다.
폭발엔 이유가 없다,FREE0103,area_h_01_01,1,14,196,576,30,0,0,0,0,0,30,0,0,0,"0,30",I,F,,"""토끼 가죽"",""화약"",""신선한 고치""",,,,"MA00052,MA00013",CC00001,"각종 소재, 자원을 모으기 위한 반복 퀘스트입니다."
영농의 즐거움,FREE0104,area_l_01_02,1,14,196,600,0,56,1,0,0,0,100,0,0,0,"0,0",FIL,S,,"""물방울"",""작은 뼈"",""단단한 돌"",""신선한 고치""",,,,"MA00001,MA00016,MA00012",CC00001,"각종 소재, 자원을 모으기 위한 반복 퀘스트입니다.
아르브를 얻을 수 있습니다."
나락의 자손,HUNT0102,area_l_01_03,1,16,224,600,0,32,0,0,0,0,40,0,0,0,"0,0",I,C,,"""무덤풀"",""글레이저의 가죽""",,,,"MA00002,MA00019",,
마셔라. 운명을 손에 넣어라,FREE0105,area_l_01_03,1,14,196,960,40,28,0,1,0,0,0,0,0,0,"0,0",FH,DF,,"""무덤풀"",""작은 뼈"",""수도원 고치""",,,,"MA00002,MA00016",CC00008,
울부짖는 자의 어머니,HUNT0103,area_l_01_02,1,20,280,1320,150,40,0,0,0,0,0,0,0,0,"0,0",H,D,,"""무덤풀"",""울부짖는 자의 파편"",""수도원 고치""",,,,"MA00002,MA00075",CC00008,
(RAID) 길 잃은 해적선,RAID0101,raid_pirates,1,0,600,,0,0,1,1,0,0,0,0,0,0,"6,0",,,,"""해적의 징표"",""작은 뼈"",""해적 고치"",""선장의 거울""",,,,"MA00071,MA00016,MA00072",CC00007,"레이드 구성 : 3페이즈
기여도 : 10 / 20 / 40%
경험치 : 100 / 400 / 600
출격가능 함대 : 1
"
얼음과 불꽃,FREE0201,area_l_02_01,2,14,1224,1560,80,40,0,1,0,0,0,0,0,0,"0,0",L,CS,,"""물방울"",""보라빛 니켈"",""단단한 돌"",""빙벽 고치""",,,,"MA00001,MA00015,MA00012",CC00005,
고대의 여행객 S,HUNT0201,area_h_01_01,2,20,1224,1600,60,80,1,1,0,0,0,0,0,0,"0,0",F,S,,"""물방울"",""거대한 껍질 S"",""거대한 집게손 S""",,,,"MA00001,MA00056_1,MA00064",,
나락의 자손 S,HUNT0202,area_l_01_03,2,20,1224,1600,60,80,1,1,0,0,0,0,0,0,"0,0",I,C,,"""무덤풀"",""글레이저의 가죽 S"",""글레이저의 발톱 S""",,,,"MA00002,MA00019_1,MA00020",,글레이저 S 소재를 얻을 수 있습니다.
울부짖는 자의 어머니 S,HUNT0203,area_l_01_02,2,20,1224,1600,60,80,1,1,0,0,0,0,0,0,"0,0",H,D,,"""무덤풀"",""울부짖는 자의 파편 S"",""울부짖는 자의 기둥 S""",,,,"MA00002,MA00075_1,MA00076",,피에타 S 소재를 얻을 수 있습니다.
인간을 거부한 세계,FREE0202,area_l_02_01,2,14,1224,1800,0,40,1,1,0,0,0,0,0,0,"0,0",L,D,,"""무덤풀"",""작은 뼈"",""단단한 돌"",""눈에서 발굴한 고치""",,,,"MA00002,MA00016,MA00012",CC00005_3,
광기의 수호 성인,HUNT0204,area_l_02_01,2,20,1224,2500,0,80,1,1,0,0,0,0,0,0,"0,45",CI,C,"{""파브리오스 파편"":1}","""파브리오스 척추신경"",""눈에서 발굴한 고치"",""뇌광 신화석""","{""MA00086"" : 1}",MA00086,,"MA00088,MA00036",CC00005_3,"파브리오스는 인위적으로 제작된 석상입니다. 누가 왜 만들었는지는 알 수 없지만, 원래 기능을 잊고 날뛰고 있습니다.

매우 단단하지만 타격,냉기 속성에 심각할 정도로 취약합니다. 건물을 철거하듯 두들기면 금새 무너져 내릴 것입니다.

그 이외의 속성으로는 거의 피해를 주지 못합니다. 유념해야 합니다."
"망국의 아들, 폐허의 딸",HUNT0205,area_l_02_01,2,20,1224,2800,0,80,1,1,0,0,0,0,0,0,"0,45",FLD,D,"{""베아트리체의 갈기"":1}","""베아트리체의 갈기"",""베아트리체의 가면"",""눈에서 발굴한 고치"",""바다의 기운""","{""MA00084"" : 1}",MA00084,,"MA00084,MA00085,MA00014",CC00005_3,"소문에 의하면, 베아트리체는 하늘에서 떨어진 영수와, 땅에서 태어난 디펙스가 융화하여 태어났다고 합니다.

공격력/체력이 매우 높습니다. 적합한 속성이 아니면 힘든 전투가 될 것입니다.

원거리 캐릭터는 강한 공격을 버티기 힘들기 때문에, 추천하지 않습니다."
안식의 기도,HUNT0206,area_l_02_01,2,20,1224,3400,0,80,1,1,0,0,0,0,0,0,"1,0",SL,S,"{""토마스의 끈"":1}","""토마스의 누더기"",""눈에서 발굴한 고치"",""구원받은 영혼의 눈물""","{""MA00089"" : 1}",MA00089,,"MA00091,MA00092",CC00005_3,"누구의 행적인지는 알 수 없지만, 토마스는 무언가를 만들기 위해 실패하여 엠페럴에 버려진 존재하고 합니다.
괴로움에 몸부림치며 세계를 떠돌지만, 죽고 싶어도 죽지 못하는 몸이라고 합니다.

공격이 재빠르기 때문에 주의해야 합니다. 다만 발은 매우 느리기 때문에 이것이 공략의 포인트가 될 것입니다."
고대의 여행객 S,DAIL0201,area_h_01_01,2,40,1224,1920,0,80,1,1,0,0,0,0,0,0,"0,0",F,S,"{""거대한 껍질 S"":4,""거대한 집게손 S"":4}","""물방울"",""거대한 껍질 S"",""거대한 집게손 S""","{""MA00056_1"" : 4,""MA00064"" : 4}","MA00056_1,MA00064",,"MA00001,MA00056_1,MA00064",,그래핀 S 소재를 얻을 수 있습니다.
나락의 자손 S,DAIL0202,area_l_01_03,2,40,1224,2160,0,80,1,1,0,0,0,0,0,0,"0,0",I,C,"{""글레이저의 가죽 S"":4,""글레이저의 발톱 S"":2}","""무덤풀"",""글레이저의 가죽 S"",""글레이저의 발톱 S""","{""MA00019_1"" : 4,""MA00020"" : 2}","MA00019_1,MA00020",,"MA00002,MA00019_1,MA00020",,글레이저 S 소재를 얻을 수 있습니다.
울부짖는 자의 어머니 S,DAIL0203,area_l_01_02,2,40,1224,2208,0,80,1,1,0,0,0,0,0,0,"0,0",H,D,"{""울부짖는 자의 파편 S"":4,""울부짖는 자의 기둥 S"":2}","""무덤풀"",""울부짖는 자의 파편 S"",""울부짖는 자의 기둥 S""","{""MA00075_1"" : 4,""MA00076"" : 2}","MA00075_1,MA00076",,"MA00002,MA00075_1,MA00076",,피에타 S 소재를 얻을 수 있습니다.
광기의 수호 성인 S,HUNT0207,area_l_02_01,2,20,1224,4000,0,80,1,1,0,0,0,0,0,0,"0,0",CI,C,"{""파브리오스 파편 S"":1}","""파브리오스 파편 S"",""파브리오스 동력선 S"",""파브리오스 척추신경 S"",""뇌광 신화석""","{""MA00086_1"" : 1}",MA00086_1,,"MA00086_1,MA00087_1,MA00088_1,MA00036",,"파브리오스는 인위적으로 제작된 석상입니다. 누가 왜 만들었는지는 알 수 없지만, 원래 기능을 잊고 날뛰고 있습니다.

매우 단단하지만 타격,냉기 속성에 심각할 정도로 취약합니다. 건물을 철거하듯 두들기면 금새 무너져 내릴 것입니다.

그 이외의 속성으로는 거의 피해를 주지 못합니다. 유념해야 합니다.

(vs 파브리오스) 장비가 없으면 공격이 힘들 수 있습니다.
탱커 이외의 요원도 방어관련 장비가 없으면 버티기 힘들 수 있습니다."
"망국의 아들, 폐허의 딸 S",HUNT0208,area_l_02_01,2,20,1224,4000,0,80,1,1,0,0,0,0,0,0,"0,0",FLD,D,"{""베아트리체의 갈기 S"":1}","""베아트리체의 갈기 S"",""베아트리체의 가면 S"",""바다의 기운""","{""MA00084_1"" : 1}",MA00084_1,,"MA00084_1,MA00085_1,MA00014",,"소문에 의하면, 베아트리체는 하늘에서 떨어진 영수와, 땅에서 태어난 디펙스가 융화하여 태어났다고 합니다.

공격력/체력이 매우 높습니다. 적합한 속성이 아니면 힘든 전투가 될 것입니다.

원거리 캐릭터는 강한 공격을 버티기 힘들기 때문에, 추천하지 않습니다.

(vs 베아트리체) 장비가 없으면 공격이 힘들 수 있습니다.
탱커 이외의 요원도 방어관련 장비가 없으면 버티기 힘들 수 있습니다."
안식의 기도 S,HUNT0209,area_l_02_01,2,20,1224,4000,0,80,1,1,0,0,0,0,0,0,"0,0",SL,S,"{""토마스의 끈 S"":1}","""토마스의 끈 S"",""토마스의 촉수 S"",""토마스의 누더기 S"",""구원받은 영혼의 눈물""","{""MA00089_1"" : 1}",MA00089_1,,"MA00089_1,MA00090_1,MA00091_1,MA00092",,"누구의 행적인지는 알 수 없지만, 토마스는 무언가를 만들기 위해 실패하여 엠페럴에 버려진 존재하고 합니다.
괴로움에 몸부림치며 세계를 떠돌지만, 죽고 싶어도 죽지 못하는 몸이라고 합니다.

공격이 재빠르기 때문에 주의해야 합니다. 다만 발은 매우 느리기 때문에 이것이 공략의 포인트가 될 것입니다.

모비딕이 없으면 공략 시간이 부족할 수 있습니다.
탱커 이외의 요원도 방어관련 장비가 없으면 버티기 힘들 수 있습니다."
야옹아 멍멍해봐,HUNT0210,area_l_01_01,2,20,1224,2500,0,180,0,0,0,0,0,0,0,0,"0,0",D,H,"{""홍보석 개다래"":1}","""단단한 껍질"",""고양이 고치""","{""MA00101"" : 1}",MA00101,,MA00055,CC90002,"고양이 마법사 파뇨푸치를 영입하기 위한 반복 퀘스트입니다.
1%의 확률로 파뇨푸치가 봉인된 고치를 얻을 수 있습니다."
다시 태어난 순교자,HUNT0211,area_l_01_03,2,20,1224,5000,80,80,1,1,0,0,0,0,0,0,"0,0",DC,H,"{""순교자의 갑옷 조각"":1}","""무덤풀"",""순교자의 갑옷 조각"",""순교자의 두건""","{""MA00102"" : 1}",MA00102,,"MA00002,MA00102,MA00103",,"먼 옛날, 오염된 헤이븐을 정화하기 위해 파견된 포이엔 교단의 정예수호자들이 있었습니다.
그들중 돌아오지 못한 이들은 신의 권능에 오염된 스틱스와 결합하여 괴물로 다시 태어났습니다.

주의 고난이도 퀘스트
순교자와 싸우기 위해선 많은 준비를 필요로 합니다.

암흑 속성공격에 취약하지만 암흑속성 요원은 신성 약점이 많으므로 장비 선택을 다시 생각해봐야 합니다."
광기의 수호 성인 S (섬멸),HUNT0212,area_l_02_01,2,40,1224,8000,0,0,1,1,0,0,0,0,0,0,"2,0",CI,C,"{""파브리오스 파편 S"":4}","""파브리오스 파편 S"",""파브리오스 동력선 S"",""파브리오스 척추신경 S"",""뇌광 신화석""","{""MA00086_1"" : 4}",MA00086_1,,"MA00086_1,MA00087_1,MA00088_1,MA00036",,"※ 최소 요구 인원 : 8명

파브리오스는 인위적으로 제작된 석상입니다. 누가 왜 만들었는지는 알 수 없지만, 원래 기능을 잊고 날뛰고 있습니다.

매우 단단하지만 타격,냉기 속성에 심각할 정도로 취약합니다. 건물을 철거하듯 두들기면 금새 무너져 내릴 것입니다.

그 이외의 속성으로는 거의 피해를 주지 못합니다. 유념해야 합니다.

(vs 파브리오스) 장비가 없으면 공격이 힘들 수 있습니다.
탱커 이외의 요원도 방어관련 장비가 없으면 버티기 힘들 수 있습니다."
"망국의 아들, 폐허의 딸 S (섬멸)",HUNT0213,area_l_02_01,2,40,1224,8000,0,0,1,1,0,0,0,0,0,0,"2,0",FLD,D,"{""베아트리체의 갈기 S"":4}","""베아트리체의 갈기 S"",""베아트리체의 가면 S"",""바다의 기운""","{""MA00084_1"" : 4}",MA00084_1,,"MA00084_1,MA00085_1,MA00014",,"※ 최소 요구 인원 : 8명

소문에 의하면, 베아트리체는 하늘에서 떨어진 영수와, 땅에서 태어난 디펙스가 융화하여 태어났다고 합니다.

공격력/체력이 매우 높습니다. 적합한 속성이 아니면 힘든 전투가 될 것입니다.

원거리 캐릭터는 강한 공격을 버티기 힘들기 때문에, 추천하지 않습니다.

(vs 베아트리체) 장비가 없으면 공격이 힘들 수 있습니다.
탱커 이외의 요원도 방어관련 장비가 없으면 버티기 힘들 수 있습니다."
안식의 기도 S (섬멸),HUNT0214,area_l_02_01,2,40,1224,8000,0,0,1,1,0,0,0,0,0,0,"2,0",SL,S,"{""토마스의 끈 S"":4}","""토마스의 끈 S"",""토마스의 촉수 S"",""토마스의 누더기 S"",""구원받은 영혼의 눈물""","{""MA00089_1"" : 4}",MA00089_1,,"MA00089_1,MA00090_1,MA00091_1,MA00092",,"※ 최소 요구 인원 : 8명

누구의 행적인지는 알 수 없지만, 토마스는 무언가를 만들기 위해 실패하여 엠페럴에 버려진 존재하고 합니다.
괴로움에 몸부림치며 세계를 떠돌지만, 죽고 싶어도 죽지 못하는 몸이라고 합니다.

공격이 재빠르기 때문에 주의해야 합니다. 다만 발은 매우 느리기 때문에 이것이 공략의 포인트가 될 것입니다.

모비딕이 없으면 공략 시간이 부족할 수 있습니다.
탱커 이외의 요원도 방어관련 장비가 없으면 버티기 힘들 수 있습니다."
다시 태어난 순교자 (섬멸),HUNT0215,area_l_01_03,2,40,1224,10000,320,0,1,1,0,0,0,0,0,0,"2,0",DC,H,"{""순교자의 갑옷 조각"":4}","""무덤풀"",""순교자의 갑옷 조각"",""순교자의 두건""","{""MA00102"" : 4}",MA00102,,"MA00002,MA00102,MA00103",,"※ 최소 요구 인원 : 8명

먼 옛날, 오염된 헤이븐을 정화하기 위해 파견된 포이엔 교단의 정예수호자들이 있었습니다.
그들중 돌아오지 못한 이들은 신의 권능에 오염된 스틱스와 결합하여 괴물로 다시 태어났습니다.

주의 고난이도 퀘스트
순교자와 싸우기 위해선 많은 준비를 필요로 합니다.

암흑 속성공격에 취약하지만 암흑속성 요원은 신성 약점이 많으므로 장비 선택을 다시 생각해봐야 합니다."
글라디아 탐색,FREE0203,Resources,2,14,1224,2800,0,0,0,1,0,0,0,0,0,0,"1,0",HF,,"{""익살풀"":1}","""익살풀"",""영혼의 실"",""석탄 고치""","{""MA00011"" : 1}",MA00011,,"MA00011,MA90032",CC00013,글라디아 고치를 얻을 수 있는 퀘스트 입니다.
글라디아 발견,FREE0204,Resources,2,20,1224,3400,0,0,0,0,0,0,0,0,0,0,"2,0",HF,,"{""강철 고치"":1,""영혼의 실"":2}",,"{""MA90032"" : 2}",MA90032,"{""CC90002_1"" : 1}",,,글라디아 고치 - 특별을 확정적으로 얻을 수 있는 퀘스트 입니다.
엄마의 마음으로 닭고기를3,DAIL0301,Resources,3,20,1550,4000,0,0,0,0,0,0,0,0,0,0,"0,0",,CS,"{""발현의 자두"":1,""물리의 돌탄 조각"":1}","""공격의 마음가짐"",""사격의 마음가짐"",""공격의 결의"",""사격의 결의"",""물리의 돌탄 조각""","{""MA00061"" : 1,""MA00106"" : 1}","MA00061,MA00106",,"MA00040,MA00041,MA00044,MA00045,MA00106",,
"화염, 냉기 그리고 전격",DAIL0302,Resources,3,20,1550,4000,0,0,0,0,0,0,0,0,0,0,"0,0",FIL,FIL,"{""발현의 자두"":1,""원소의 돌탄 조각"":1}","""공격의 마음가짐"",""사격의 마음가짐"",""공격의 결의"",""사격의 결의"",""원소의 돌탄 조각""","{""MA00061"" : 1,""MA00107"" : 1}","MA00061,MA00107",,"MA00040,MA00041,MA00044,MA00045,MA00107",,
빛과 그림자,DAIL0303,Resources,3,20,1550,4000,0,0,0,0,0,0,0,0,0,0,HD,HD,,"{""발현의 자두"":1,""비전의 돌탄 조각"":1}","""공격의 마음가짐"",""사격의 마음가짐"",""공격의 결의"",""사격의 결의"",""비전의 돌탄 조각""","{""MA00061"" : 1,""MA00108"" : 1}","MA00061,MA00108",,"MA00040,MA00041,MA00044,MA00045,MA00108",,
혼돈의 중심,DAIL0304,Resources,3,20,1550,4200,0,0,0,0,0,0,0,0,0,0,"0,0",,,"{""발현의 자두"":2}","""공격의 마음가짐"",""사격의 마음가짐"",""공격의 결의"",""사격의 결의"",""물리의 돌탄 조각"",""원소의 돌탄 조각"",""비전의 돌탄 조각""","{""MA00061"" : 2}",MA00061,,"MA00040,MA00041,MA00044,MA00045,MA00106,MA00107,MA00108",,
제로 필드 외곽,FREE0301,Zero,3,14,1550,3600,0,0,1,1,0,0,0,0,0,0,"0,0",FIL,CS,"{""제로 스톤"":1}","""제로 스톤"",""물방울"",""원소의 돌탄 조각"",""떠다니던 고치""","{""MA00104"" : 1}",MA00104,,"MA00104,MA00001,MA00107",CC00005_1,"제로필드는 엠페럴의 신비 중 하나로 특이한 무중력 지대를 이야기 합니다.

현재 제로필드 지역에서 기둥의 사도가 발견되었으므로 탐사에 주의해 주세요.


레이드 습격하는 해적선이 등장할 수 있는 퀘스트입니다."
제로 필드,FREE0302,Zero,3,14,1550,3600,0,0,1,1,0,0,0,0,0,0,"0,0",FIL,CS,"{""제로 스톤"":1}","""제로 스톤"",""작은 뼈"",""물리의 돌탄 조각"",""떠다니던 고치""","{""MA00104"" : 1}",MA00104,,"MA00104,MA00016,MA00106",CC00005_1,"제로필드는 엠페럴의 신비 중 하나로 특이한 무중력 지대를 이야기 합니다.

현재 제로필드 지역에서 기둥의 사도가 발견되었으므로 탐사에 주의해 주세요.


라프란드, 그라월, 벤트라타가 마을에 침공할 수 있는 퀘스트입니다."
뇌수 벤트라타,HUNT0301,Zero,3,20,1550,5500,80,0,0,0,0,0,0,0,0,0,"1,0",F,L,"{""벤트라타의 갈기"":1,""벤트라타의 발톱"":1}","""제로 스톤"",""원소의 돌탄 조각"",""벤트라타의 갈기"",""벤트라타의 발톱"",""피뢰석"",""떠다니던 고치""","{""MA00119"" : 1,""MA00120"" : 1}","MA00119,MA00120",,"MA00104,MA00107,MA00119,MA00120,MA00122",CC00005_1,"벤트라타는 칼리오스의 수호신으로 불리던 존재입니다.
벤트라타는 적대 국가에겐 사냥개라 불리는 매우 위험한 존재이므로 주의해 주세요.

벤트라타와 싸우기 위해서는 화염속성 요원만으로 구성된 함선을 보내는 것을 추천합니다.

화염 속성공격에 취약하지만 냉기속성 요원에 강하므로 편성을 다시 생각해봐야 합니다.
탱커가 없다면 패턴이 어려워집니다.

※함선 2대까지 편성 가능합니다."
빙벽 그라월,HUNT0302,Zero,3,20,1550,5500,80,0,0,0,0,0,0,0,0,0,"1,0",L,I,"{""그라월의 파편"":1,""그라월의 가시"":1}","""제로 스톤"",""원소의 돌탄 조각"",""그라월의 파편"",""그라월의 가시"",""서리거인의 흔적"",""떠다니던 고치""","{""MA00115"" : 1,""MA00116"" : 1}","MA00115,MA00116",,"MA00104,MA00107,MA00115,MA00116,MA00118",CC00005_1,"그라월은 에코코 부족에 내려오는 서리거인 전설을 증명하는 존재입니다.
에코코 부족이 이야기하는 서리거인과 다른 존재지만 그라월의 존재는 서리거인이 실존했다는 증거이기도 합니다.

그라월과 싸우기 위해서는 전격 속성 요원만으로 구성된 함선을 보내는 것을 추천합니다.

전격 속성송격에 취약하지만 화염속성 요원에 강하므로 편성을 다시 생각해봐야 합니다.

※함선 2대까지 편성 가능합니다."
영수 라프란드,HUNT0303,Zero,3,20,1550,5500,80,0,0,0,0,0,0,0,0,0,"1,0",I,F,"{""라프란드의 뼈"":1,""라프란드의 쌍각"":1}","""제로 스톤"",""원소의 돌탄 조각"",""라프란드의 뼈"",""라프란드의 쌍각"",""마그마 티어"",""떠다니던 고치""","{""MA00111"" : 1,""MA00112"" : 1}","MA00111,MA00112",,"MA00104,MA00107,MA00111,MA00112,MA00114",CC00005_1,"영수 라프란드는 위대한 존재이지만 수명이 다한 개체는 근원에서 내뿜는 열기를 이기지 못하고 모든것을 불태우는 존재가 됩니다.
저희 헤이븐은 이전 라프란드와 약속한 일이 있으므로 라프란드와 만나주세요.

라프란드와 싸우기 위해서는 냉기속성 요원마능로 구성된 함선을 보내는 것을 추천합니다.

냉기 속성공격에 취약하지만 전격 속성 요원에 강하므로 편성을 다시 생각해봐야 합니다.

※함선 2대까지 편성 가능합니다."
뇌수 벤트라타 (섬멸),HUNT0304,Zero,3,40,1550,12000,320,0,0,0,0,0,0,0,0,0,"2,0",F,L,"{""벤트라타의 갈기"":4,""벤트라타의 발톱"":4}","""제로 스톤"",""원소의 돌탄 조각"",""벤트라타의 갈기"",""벤트라타의 발톱"",""피뢰석"",""떠다니던 고치""","{""MA00119"" : 4,""MA00120"" : 4}","MA00119,MA00120",,"MA00104,MA00107,MA00119,MA00120,MA00122",CC00005_1,"※ 최소 요구 인원 : 8명

벤트라타는 칼리오스의 수호신으로 불리던 존재입니다.
벤트라타는 적대 국가에겐 사냥개라 불리는 매우 위험한 존재이므로 주의해 주세요.

벤트라타와 싸우기 위해서는 화염속성 요원만으로 구성된 함선을 보내는 것을 추천합니다.

화염 속성공격에 취약하지만 냉기속성 요원에 강하므로 편성을 다시 생각해봐야 합니다.
탱커가 없다면 패턴이 어려워집니다.

벤트라타가 마을에 침공할 수 있는 퀘스트입니다."
빙벽 그라월 (섬멸),HUNT0305,Zero,3,40,1550,12000,320,0,0,0,0,0,0,0,0,0,"2,0",L,I,"{""그라월의 파편"":4,""그라월의 가시"":4}","""제로 스톤"",""원소의 돌탄 조각"",""그라월의 파편"",""그라월의 가시"",""서리거인의 흔적"",""떠다니던 고치""","{""MA00115"" : 4,""MA00116"" : 4}","MA00115,MA00116",,"MA00104,MA00107,MA00115,MA00116,MA00118",CC00005_1,"※ 최소 요구 인원 : 8명

그라월은 에코코 부족에 내려오는 서리거인 전설을 증명하는 존재입니다.
에코코 부족이 이야기하는 서리거인과 다른 존재지만 그라월의 존재는 서리거인이 실존했다는 증거이기도 합니다.

그라월과 싸우기 위해서는 전격 속성 요원만으로 구성된 함선을 보내는 것을 추천합니다.

전격 속성송격에 취약하지만 화염속성 요원에 강하므로 편성을 다시 생각해봐야 합니다.

그라월이 마을에 침공할 수 있는 퀘스트입니다."
영수 라프란드 (섬멸),HUNT0306,Zero,3,40,1500,12000,320,0,0,0,0,0,0,0,0,0,"2,0",I,F,"{""라프란드의 뼈"":4,""라프란드의 쌍각"":4}","""제로 스톤"",""원소의 돌탄 조각"",""라프란드의 뼈"",""라프란드의 쌍각"",""마그마 티어"",""떠다니던 고치""","{""MA00111"" : 4,""MA00112"" : 4}","MA00111,MA00112",,"MA00104,MA00107,MA00111,MA00112,MA00114",CC00005_1,"※ 최소 요구 인원 : 8명

영수 라프란드는 위대한 존재이지만 수명이 다한 개체는 근원에서 내뿜는 열기를 이기지 못하고 모든것을 불태우는 존재가 됩니다.
저희 헤이븐은 이전 라프란드와 약속한 일이 있으므로 라프란드와 만나주세요.

라프란드와 싸우기 위해서는 냉기속성 요원마능로 구성된 함선을 보내는 것을 추천합니다.

냉기 속성공격에 취약하지만 전격 속성 요원에 강하므로 편성을 다시 생각해봐야 합니다.

라프란드가 마을에 침공할 수 있는 퀘스트입니다."
울부짖는 자의 귀환,HUNT0307,Zero,3,20,2050,7500,105,0,1,1,0,0,0,0,0,0,"1,0",H,D,"{""소환 물질 X"":1}","""소환 물질 X"",""무덤풀"",""물리의 돌탄 조각"",""비전의 돌탄 조각"",""떠다니던 고치""","{""MA00125"" : 1}",MA00125,,"MA00125,MA00002,MA00106,MA00108",CC00005_1,"울부짖는 자의 어머니가 제로 필드구역에서 발견되었습니다.
울부짖는 자의 어머니는 즉, 글레이저의 어머니격 존재로 품에 글레이저의 시체를 안고 다니는 것이 특징입니다.

울부짖는 자의 어머니와 싸우는 데에는 거리 조절이 핵심입니다.
또한, 뒤로 넘어가지 않도록 주의해야 합니다.

도발으로 패턴을 억제할 수 있으므로 도발기술을 가진 탱커 기용을 적극 추천합니다."
미지의 소환 장치,FREE0303,Zero,3,20,2050,6000,0,0,1,1,0,0,0,0,0,0,"1,0",SIH,C,"{""소환 물질 Y"":1}","""소환 물질 Y"",""작은 뼈"",""물리의 돌탄 조각"",""비전의 돌탄 조각"",""떠다니던 고치""","{""MA00126"" : 1}",MA00126,,"MA00126,MA00016,MA00106,MA00108",CC00005_1,"제로필드 외부의 존재들이 제로필드 구역에서 발견되었습니다.
이 존재들이 들어오는 데 이유가 있을 것입니다.
제로필드 심부를 탐사하기 전에 이 문제를 해결해 주세요.

미지의 소환장치를 클리어 하기 위해서는 공격력이 핵심입니다.
요원의 공격력이 충분하지 않으면 클리어하는 데 어려움이 있습니다.
광역 공격에 특화된 요원 편성을 추천합니다."
E-01,HUNT0308,Zero,3,20,2050,7000,95,0,1,1,0,0,0,0,0,0,"1,0",H,D,"{""헤이븐 이터 파편"":1,""문장 조각"":1}","""헤이븐 이터 파편"",""E-01 코어"",""문장 조각""","{""MA00127"" : 1,""MA00129"" : 1}","MA00127,MA00129",,"MA00127,MA00128,MA00129",,"E-01은 지속적으로 강력한 암흑 속성 공격을 시도하므로 피해를 버틸 수 있는 전방 탱커가 필요합니다.

모션이 크고 강력한 스킬을 사용하므로 회피나 방어를 통한 대처가 필수입니다.
또한, 주기적으로 우치를 바꾸고 아군의 진형을 붕괴하려고 시도하므로 회피를 사용하여 진형을 다시 잡는 것이 좋습니다."
제로 필드 중심부,FREE0304,Zero,3,14,2050,6500,60,0,1,1,0,0,0,0,0,0,"0,0",HD,FHD,"{""제로 스톤"":1}","""제로 스톤"",""물방울"",""원소의 돌탄 조각"",""폭탄 고치""","{""MA00104"" : 1}",MA00104,,"MA00104,MA00001,MA00107",CC00012,"제로필드 중심부에 도달하였습니다.

현재 헤이븐 이터의 영향으로 제로필드 지역이 변이되었으므로 주의해주세요.

화염 저항이 없다면 힘들 수 있는 퀘스트입니다.
클리어 후 수렵에 추가됩니다."
움직이는 수호자,HUNT0309,Zero,3,20,2050,9500,0,0,1,1,0,0,0,0,0,0,"1,30",D,H,"{""수호자의 조각"":1,""훈련소 스탬프"":1}","""수호자의 조각"",""디모데이"",""훈련소 스탬프""","{""MA00130"" : 1,""MA00133"" : 1}","MA00130,MA00133",,"MA00130,MA00131,MA00133",,"디모데이는 신성 정령을 거느리고 다니는 미지의 수호자입니다.
수호자는 밝혀진 정보는 적지만 연구자들에게 꿈의 기술을 보유하고 있다고 합니다.

기본적으로 치명타 공격에 대한 내성을 보유하고 있습니다.
벽에 몰리지 않도록 주의하세요.

※ 추가 효과 보유 요원 : 야오 슈, 야오 페이, 제리코, 시이케 린도, 니케르만

비전 무리가 마을에 침공할 수 있는 퀘스트입니다."
E-01 (섬멸),HUNT0310,Zero,3,40,2050,14000,380,0,1,1,0,0,0,0,0,0,"2,0",H,D,"{""헤이븐 이터 파편"":4,""문장 조각"":4}","""헤이븐 이터 파편"",""E-01 코어"",""문장 조각""","{""MA00127"" : 4,""MA00129"" : 4}","MA00127,MA00129",,"MA00127,MA00128,MA00129",,"※ 최소 요구 인원 : 8명

E-01은 지속적으로 강력한 암흑 속성 공격을 시도하므로 피해를 버틸 수 있는 전방 탱커가 필요합니다.

모션이 크고 강력한 스킬을 사용하므로 회피나 방어를 통한 대처가 필수입니다.
또한, 주기적으로 우치를 바꾸고 아군의 진형을 붕괴하려고 시도하므로 회피를 사용하여 진형을 다시 잡는 것이 좋습니다."
움직이는 수호자 (섬멸),HUNT0311,Zero,3,40,2050,18000,0,0,1,1,0,0,0,0,0,0,"2,0",D,H,"{""수호자의 조각"":4,""훈련소 스탬프"":4}","""수호자의 조각"",""디모데이"",""훈련소 스탬프""","{""MA00130"" : 4,""MA00133"" : 4}","MA00130,MA00133",,"MA00130,MA00131,MA00133",,"※ 최소 요구 인원 : 8명

디모데이는 신성 정령을 거느리고 다니는 미지의 수호자입니다.
수호자는 밝혀진 정보는 적지만 연구자들에게 꿈의 기술을 보유하고 있다고 합니다.

기본적으로 치명타 공격에 대한 내성을 보유하고 있습니다.
벽에 몰리지 않도록 주의하세요.

※ 추가 효과 보유 요원 : 야오 슈, 야오 페이, 제리코, 시이케 린도, 니케르만

비전 무리가 마을에 침공할 수 있는 퀘스트입니다."
대평야의 기가마이아,HUNT0312,Green,3,40,2050,9600,60,0,1,0,0,0,0,0,0,0,"0,0",,C,"{""익살풀"":2}","""익살풀"",""영혼의 실"",""돌 고치"",""빛나는 돌 고치""","{""MA00011"" : 2}",MA00011,,"MA00011,MA90032","CC00010,CC00008_1","대평야를 상징하는 '기가마이아'와의 전투입니다.

싸우는 도중 자신을 강화하는 디펙스입니다.
강화된 기가마이아는 강력하므로 공격에 주의해주세요.

※ 추가 효과 보유 요원 :
바우엘 : 공격 시 특수 강화 제거
캬퓨레 위셔 : 스킬 공격 시 빙결, 공격력 +50%
루파루 듀엘 : 공격 시 특수 강화 제거 + 공격력 감소"
파도의 폭군 파레타,HUNT0313,Green,3,20,2050,9600,0,0,1,1,0,0,0,0,0,0,"1,0",SL,I,"{""파레타 지느러미"":1}","""원소의 돌탄 조각"",""파레타 지느러미"",""영혼의 실"",""호수 고치""","{""MA00134"" : 1}",MA00134,,"MA00107,MA00134,MA90032",CC00005_2,"파도의 폭군 '파레타'와의 전투입니다.

강력한 동결 효과를 보유한 보스입니다.
동결 효과에 대한 대비책을 준비하거나 약점을 준비하여 동결에 대비하세요.

※ 추가 효과 발생 조건 :
출혈 속성 : 파레타의 스킬 위력, 방어력 감
수면 상태 : 파레타의 동결을 막아주는 버프 생성"
호숫가 탐사,FREE0305,Green,3,14,2050,7200,0,0,1,1,0,0,0,0,0,0,"0,0",,,"{""원소의 돌탄 조각"":1}","""영혼의 실"",""물방울"",""원소의 돌탄 조각"",""떠다니던 고치""","{""MA00107"" : 1}",MA00107,,"MA90032,MA00001,MA00107",CC00005_1,호숫가 주변을 탐사합니다.
파도의 폭군 파레타 (특별),HUNT0314,Green,3,10,2050,9800,60,0,1,1,0,0,0,0,0,0,"1,0",SL,I,"{""파레타 발톱"":1}","""원소의 돌탄 조각"",""영혼의 실"",""호수 고치""","{""MA00135"" : 1}",MA00135,,"MA00107,MA90032",CC00005_2,"파도의 폭군 '파레타'와의 특별 전투입니다.
여기서만 얻을 수 있는 특별한 보상이 있습니다.

강력한 동결 효과를 보유한 보스입니다.
동결 효과에 대한 대비책을 준비하거나 약점을 준비하여 동결에 대비하세요.

※ 추가 효과 발생 조건 :
출혈 속성 : 파레타의 스킬 위력, 방어력 감
수면 상태 : 파레타의 동결을 막아주는 버프 생성"
물만 먹고 가는 토끼,FREE0306,Green,3,14,2500,7500,0,0,1,1,0,0,0,0,0,0,"0,0",,,"{""토끼 가죽"":1}","""무덤풀"",""토끼 가죽"",""토끼 앞니"",""괴수의 고치""","{""MA00052"" : 1}",MA00052,,"MA00002,MA00052,MA00053",CC00013_1,옹달샘이 아닌 호수엔 누가 와서 먹고 갈까?
비석과 사체가 만들어낸 괴물,HUNT0315,tower_t02,3,20,2500,10000,60,0,1,1,0,0,0,0,0,0,"2,0",CS,,"{""물리의 돌탄 조각"":1}","""트리즈의 가죽"",""하젬의 장갑"",""가고일 중추핵""","{""MA00106"" : 1}",MA00106,,"MA00136,MA00137,MA00138",,"비석으로 만들어진 '하젬'과 사체로 만들어진 '트리즈'와의 전투입니다.

※추가 효과 발생
후리아 후루데 : 후리아 후루데가 파티에 있으면, 하젬&트리즈의 공격력, 방어력 감소 디버프 부여."
베릴 기사단,HUNT0316,tower_t02,3,20,2500,9500,60,0,1,1,0,0,0,0,0,0,"0,0",D,H,"{""베릴 기사단 갑옷 조각"":1}","""베릴 기사단 갑옷 조각"",""가고일 중추핵""","{""MA00141"" : 1}",MA00141,,"MA00141,MA00138",,"정체를 알 수 없는 기사단이 나타났다고 합니다.
처음 상대하게 되는 베릴 기사단원과의 전투입니다.

신성 속성의 보스이며, 암흑 속성으로 좀 더 피해를 줄 수 있습니다.
요원의 슈퍼 아머를 부수는 강력한 스킬을 구사합니다.
적의 공격을 피하거나 막아내는 것을 권장합니다.

베릴 기사단이 마을에 침공할 수 있는 퀘스트입니다."
누가 더 강한 불꽃인가?,HUNT0317,tower_t02,3,20,2500,8000,0,0,0,0,0,0,0,0,0,0,"0,0",,F,"{""타오르는 불꽃"":1}","""타오르는 불꽃""","{""MA90047"" : 1}",MA90047,,MA90047,,"네이선 파라의 힘을 더욱 더 불태울 수 있는 방법은?
내면의 자신과 맞닥뜨리게 되는데..."
길을 잃었다면,HUNT0318,area_l_01_02,3,20,2500,9500,0,0,1,1,0,0,0,0,0,0,"0,0",CS,S,"{""길 잃은 자의 흔적"":1}","""길 잃은 자의 흔적"",""가고일 중추핵"",""마그마 티어"",""서리거인의 흔적"",""피뢰석"",""디모데이"",""E-01 코어""","{""MA00139"" : 1}",MA00139,,"MA00139,MA00138,MA00114,MA00118,MA00122,MA00131,MA00128",,"지하 유적에서 떠도는 '길 잃은 자의 아들'과의 전투입니다.

스틱스의 힘으로 인하여 죽지 못하고 계속해서 방황하는 존재로 알려져 있습닌다.
또한 길 잃은 자의 원혼이 붙어 있어 상당히 위험하다고 합니다."
고양이를 따라간다면,HUNT0319,area_l_01_02,3,20,2500,9500,0,0,1,1,0,0,0,0,0,0,"0,0",,,"{""코르메 가시"":1,""척삭동물 고치"":1}","""코르메 가시"",""익살풀"",""영혼의 실""","{""MA00140"" : 1}",MA00140,"{""CC00009"" : 1}","MA00140,MA00011,MA90032",,"저주받은 고양이 '코르메'와의 전투입니다.

배에 숨어들어 여러 섬을 왕래하면서 음식을 훔쳐먹는 도둑고양이입니다.
위협을 가하면 괴수로 변한다는 이야기가 있습니다."
잊혀진 지하 유적 숨겨진 층,SUBB0301,area_l_01_02,3,40,2500,8000,0,0,0,0,0,0,0,0,0,0,"0,0",,,"{""반딧불"":1}","""반딧불""","{""MA90039"" : 1}",MA90039,,MA90039,,"지하 유적 깊숙한 곳에서 반딧불의 흔적이 보입니다.
조사해봅시다."
대결! 무법자 헤이븐,EVEN0301,Resources,3,20,6000,6000,288,0,0,0,0,0,0,0,0,0,"0,0",,,"{""제로 스톤"":2}","""발현의 자두"",""제로 스톤""","{""MA00104"" : 2}",MA00104,,"MA00061,MA00104",,
(RAID) 습격당한 해적선,RAID0301,raid_gigant,3,0,1500,0,0,0,1,1,0,0,0,0,0,0,"6,0",,,,"""키바스 스톤"",""괴수의 고치"",""세시의 가죽"",""세시의 허파"",""물리의 돌탄 조각""",,,,"MA00105,MA00123,MA00124,MA00106",CC00013_1,"레이드 구성 : 3페이즈
기여도 : 5 / 20 / 40%
경험치 : 600 / 1000 / 1500
출격가능 함대 : 1"
대장의 복수,HUNT0401,Green,4,30,2800,10000,120,0,1,1,0,0,0,0,0,0,"0,0",D,H,"{""이니티움 스톤"":1}","""이니티움 스톤""","{""MA00030"" : 1}",MA00030,,MA00030,,"베릴기사단의 우두머리, 베릴 백인대장과의 전투입니다.

신성 속성의 보스이ㅕ, 암흑 속성으로 좀 더 피해를 줄 수 있습니다.
베릴 기사단원을 소환하며, 진형을 파괴하는 돌진 기술을 선보입니다.
원거리 요원의 체력 관리에 주의하십시오.

베릴 기사단이 마을에 침공할 수 있는 퀘스트입니다."
대평야의 중부,FREE0401,Green,4,20,2800,8000,0,0,1,1,0,0,0,0,0,0,"0,0",,,"{""이니티움 스톤"":1}","""이니티움 스톤"",""원소의 결정"",""물방울"",""무덤풀""","{""MA00030"" : 1}",MA00030,,"MA00030,MA00146,MA00001,MA00002",,이니티움 대평야의 중부를 탐사합니다.
나선의 범,HUNT0402,underground,4,30,2800,12000,120,0,1,1,0,0,0,0,0,0,"0,0",I,F,"{""원소의 결정"":1}","""원소의 결정"",""붉은 고치"",""불타는 고치""","{""MA00146"" : 1}",MA00146,,MA00146,"CC00023,CC00024","나선의 범 템진과의 전투입니다.

화염 속성의 보스이며, 냉기 속성으로 좀 더 피해를 줄 수 있습니다.
주위를 불꽃으로 크게 피해를 주므로 거리 유지가 필요합니다.

템진이 마을에 침공할 수 있는 퀘스트입니다."
지하 동굴 탐사,FREE0402,underground,4,20,2800,12000,0,0,1,1,0,0,0,0,0,0,"0,0",CS,,"{""유기체 덩어리"":1}","""이니티움 스톤"",""유기체 덩어리"",""단단한 돌"",""화약""","{""MA00153"" : 1}",MA00153,,"MA00030,MA00153,MA00012,MA00013",,지하 동굴을 탐사합니다.
거대한 디르펙티아,HUNT0403,underground,4,30,2800,13000,120,0,1,1,0,0,0,0,0,0,"0,0",L,C,"{""디르펙티아 피부"":1}","""디르펙티아 피부"",""디르펙티아 이빨"",""이니티움 스톤"",""물리의 결정""","{""MA00154"" : 1}",MA00154,,"MA00154,MA00155,MA00030,MA00145",,"디르펙티아와의 전투입니다.

바닥을 파고 들어가는 패턴을 주의하세요.
또한 공격을 계속해서 맞으면 기절에 걸릴 수 있습니다.
최대한 공간을 피하면서 전투하는 것을 추천합니다.

※ 추가 효과 발생 조건 :
다르세이아 : 다르세이아의 달의 힘으로 디르펙티아를 멈추게 할 수 있습니다."
대장의 복수 S,HUNT0404,underground,4,30,2800,14000,120,0,1,1,0,0,0,0,0,0,"0,0",D,H,"{""베릴 백인대장 갑옷 조각"":1}","""베릴 백인대장 갑옷 조각"",""이니티움 스톤"",""광물 고치"",""빛나는 광물 고치""","{""MA00143"" : 1}",MA00143,,"MA00143,MA00030","CC90001,CC00029","베릴기사단의 우두머리, 베릴 백인대장과의 전투입니다.

신성 속성의 보스이ㅕ, 암흑 속성으로 좀 더 피해를 줄 수 있습니다.
베릴 기사단원을 소환하며, 진형을 파괴하는 돌진 기술을 선보입니다.
원거리 요원의 체력 관리에 주의하십시오.

베릴 기사단이 마을에 침공할 수 있는 퀘스트입니다."
외각룡 베르나,HUNT0405,Green,4,30,2800,15000,120,0,1,1,0,0,0,0,0,0,"0,0",HD,HD,"{""외각룡 비늘"":1}","""외각룡 비늘"",""비전의 결정""","{""MA00156"" : 1}",MA00156,,"MA00156,MA00147",,"외각룡 '베르나'와의 전투입니다.

베르나의 스킬을 방어하지 못하면 큰 피해를 입습니다.
베르나는 암흑 속성과 신성 속성공격을 동시에 하지만 암흑 저항과 신성 저항 모두가 낮습니다.

※ 추가 효과 발생
부귀의신 엔야 : 엔야가 베르나를 공격하면, 신성 추가 피해 버프를 제거합니다.
로도나이트 : 공격 시 베르나의 공격력, 방어력 감소."
폭주하는 베르나,HUNT0406,Green,4,30,2800,17000,150,0,1,1,0,0,0,0,0,0,"0,0",,HD,"{""외각룡 날개 조각"":1}","""외각룡 비늘"",""외각룡 날개 조각"",""외각룡 뿔""","{""MA00157"" : 1}",MA00157,,"MA00156,MA00157,MA00158",,"주의 고난이도 퀘스트

폭주하는 외각룡 '베르나'와의 전투입니다.

베르나의 스킬을 방어하지 못하면 큰 피해를 입습니다.
베르나는 암흑 속성과 신성 속성공격을 동시에 발휘합니다.

레이드 폭주하는 베르나가 등장할 수 있는 퀘스트입니다."
대평야의 끝자락,FREE0403,Green,4,30,2800,12000,0,0,1,1,0,0,0,0,0,0,"0,0",,,,"""이니티움 스톤"",""물방울"",""익살풀""",,,,"MA00030,MA00001,MA00011",,
네이티브의 잔재,HUNT0407,Sleepingroom,4,30,2800,17000,0,0,1,1,0,0,0,0,0,0,"0,0",F,S,"{""언노운 껍질"":1}","""언노운 껍질"",""언노운의 눈""","{""MA00159"" : 1}",MA00159,,"MA00159,MA00161",,"해석 불능, 정체를 알 수 없는 언노운과의 전투입니다.

정체를 알 수 없으며, 거미형태의 존재입니다. 실을 뿜는 거미줄 공격, 또는 공중에 매달려 공격하는 패턴에 주의하십시오.

화염 속성으로 좀 더 피해를 줄 수 있습니다."
네이티브의 두 잔재,HUNT0408,Sleepingroom,4,30,3000,32000,0,0,1,1,0,0,0,0,0,0,"1,0",F,S,"{""언노운 껍질"":1,""거미의 배"":1}","""언노운 껍질"",""거미의 배"",""수면실 고치"",""언노운의 눈""","{""MA00159"" : 1,""MA00160"" : 1}","MA00159,MA00160",,"MA00159,MA00160,MA00161",CC00010_1,"해석 불능, 정체를 알 수 없는 언노운과의 전투입니다.
무려 2마리가 등장합니다. 함선은 최대 2대까지 보낼 수 있습니다.

정체를 알 수 없으며, 거미형태의 존재입니다. 실을 뿜는 거미줄 공격, 또는 공중에 매달려 공격하는 패턴에 주의하십시오.

화염 속성으로 좀 더 피해를 줄 수 있습니다."
루파루 아르바이트,FREE0404,area_l_04_02,4,20,3000,16000,60,0,0,0,0,0,0,0,0,0,"0,0",,,,,,,,,,"무도회 흥행을 위한 아르바이트를 하기 위해 면접을 진행합니다.

클리어 하면 '루파루 아르바이트' 레이드가 생성됩니다.

경험치를 많이 얻어 강해지십시오."
수면실 탐사,FREE0405,Sleepingroom,4,20,2800,15000,0,0,1,1,0,0,0,0,0,0,"0,0",,,"{""유리"":1}","""유리"",""익살풀"",""영혼의 실""","{""MA00005"" : 1}",MA00005,,"MA00005,MA00011,MA90032",,차가운 물방울을 제작할 재료를 획득합니다.
이니티움의 왕,HUNT0409,Sleepingroom,4,30,2800,19000,120,0,1,1,0,0,0,0,0,0,"0,0",,F,"{""하얀색 갈기"":1}","""하얀색 갈기"",""원소의 결정"",""이니티움 스톤"",""뜨거운 뿔""","{""MA00162"" : 1}",MA00162,,"MA00162,MA00146,MA00030,MA00164",,"이니티움 오거'와의 전투입니다.

이니티움 오거의 일반 공격의 브레스를 맞으면 폭발하는 스택이 쌓입니다. 브레스를 피하거나 막으면 스택을 피할 수 있습니다.

이니티움의 포효로 스택이 쌓인 요원은 커다란 피해를 입게 되므로 주의하십시오.

강력한 브레스에 맞으면 화상을 입습니다. 요원의 체력을 신경써주세요.
탱커가 없다면 패턴이 어려워집니다."
왕위를 계승하는 중,HUNT0410,Sleepingroom,4,0,3200,21000,150,0,1,1,0,0,0,0,0,0,"1,0",,F,"{""오거의 발톱"":1}","""하얀색 갈기"",""오거의 발톱"",""원소의 결정"",""뜨거운 뿔"",""오거의 꼬리""","{""MA00163"" : 1}",MA00163,,"MA00162,MA00163,MA00146,MA00164,MA00165",,"주의 고난이도 퀘스트

더욱 더 강력한 '이니티움 오거'와의 전투입니다.

이니티움 오거의 일반 공격의 브레스를 맞으면 폭발하는 스택이 쌓입니다. 브레스를 피하거나 막으면 스택을 피할 수 있습니다.

이니티움의 포효로 스택이 쌓인 요원은 커다란 피해를 입게 되므로 주의하십시오.

강력한 브레스에 맞으면 화상을 입습니다. 요원의 체력을 신경써주세요.
탱커가 없다면 패턴이 어려워집니다."
대장의 복수 S (섬멸),HUNT0411,underground,4,60,2800,28000,240,0,1,1,0,0,0,0,0,0,"0,0",D,H,"{""베릴 백인대장 갑옷 조각"":4}","""베릴 백인대장 갑옷 조각"",""이니티움 스톤"",""광물 고치"",""빛나는 광물 고치""","{""MA00143"" : 4}",MA00143,,"MA00143,MA00030","CC90001,CC00029","※ 최소 요구 인원 : 8명

베릴기사단의 우두머리, 베릴 백인대장과의 전투입니다.

신성 속성의 보스이ㅕ, 암흑 속성으로 좀 더 피해를 줄 수 있습니다.
베릴 기사단원을 소환하며, 진형을 파괴하는 돌진 기술을 선보입니다.
원거리 요원의 체력 관리에 주의하십시오.

베릴 기사단이 마을에 침공할 수 있는 퀘스트입니다."
거대한 디르펙티아 (섬멸),HUNT0412,underground,4,60,2800,26000,240,0,1,1,0,0,0,0,0,0,"0,0",L,C,"{""디르펙티아 피부"":4}","""디르펙티아 피부"",""디르펙티아 이빨"",""이니티움 스톤"",""물리의 결정""","{""MA00154"" : 4}",MA00154,,"MA00154,MA00155,MA00030,MA00145",,"※ 최소 요구 인원 : 8명

디르펙티아와의 전투입니다.

바닥을 파고 들어가는 패턴을 주의하세요.
또한 공격을 계속해서 맞으면 기절에 걸릴 수 있습니다.
최대한 공간을 피하면서 전투하는 것을 추천합니다.

※ 추가 효과 발생 조건 :
다르세이아 : 다르세이아의 달의 힘으로 디르펙티아를 멈추게 할 수 있습니다."
폭주하는 베르나 (섬멸),HUNT0413,Green,4,60,2800,34000,300,0,1,1,0,0,0,0,0,0,"0,0",,HD,"{""외각룡 날개 조각"":4}","""외각룡 비늘"",""외각룡 날개 조각"",""외각룡 뿔""","{""MA00157"" : 4}",MA00157,,"MA00156,MA00157,MA00158",,"※ 최소 요구 인원 : 8명

주의 고난이도 퀘스트

폭주하는 외각룡 '베르나'와의 전투입니다.

베르나의 스킬을 방어하지 못하면 큰 피해를 입습니다.
베르나는 암흑 속성과 신성 속성공격을 동시에 발휘합니다.

레이드 폭주하는 베르나가 등장할 수 있는 퀘스트입니다."
격돌! 대난투 헤이븐,DAIL0401,bg_bout,4,20,6000,12000,0,0,1,1,0,0,0,0,0,0,"0,0",,,,,,,,,,"경기장에서 대난투를 벌여봅시다.

최대 함선 2대까지 가능합니다."
대난투의 후일담,EVEN0401,bg_bout,4,20,12000,12000,0,0,0,0,0,0,1000,800,0,0,"0,0",,,"{""영혼의 실"":3}",,"{""MA90032"" : 3}",MA90032,,,,"오늘의 대난투를 마무리하는 전투입니다.
승리 후, 보상을 챙기십시오.

최대 함선 2대까지 가능합니다."
(RAID) 부서지는 해적선,RAID0401,raid_A,4,0,4000,0,0,0,1,1,0,0,0,0,0,0,"30,0",,,,"""이니티움 스톤"",""원소의 결정"",""괴수의 고치"",""익살풀"",""영혼의 실"",""코르메 가시"",""척삭동물 고치"",""빙하의 조각"",""기간티카 지느러미"",""파레타 지느러미"",""기간티카 뿔"",""떠다니던 고치"",""아카이오스 껍질"",""아카이오스 가시"",""얼어붙은 빙하""",,,,"MA00030,MA00146,MA00011,MA90032,MA00140,MA00148,MA00149,MA00134,MA00150,MA00151,MA00152,MA90052","CC00013_1,CC00009,CC00005_1","레이드 구성 : 10페이즈
기여도 : 1 / 3 / 6 / 13 / 13 / 13 / 26 / 26 / 26 / 53 %
경험치 : 1500 / 1500 / 1750 / 1750 / 1750 / 2000 / 2000 / 2250 / 2500 / 4000
출격가능 함대 : 4"
(RAID) 폭주하는 베르나,RAID0402,berna,4,0,2500,0,0,0,1,1,0,0,0,0,0,0,"6,0",,,,"""외각룡 비늘"",""비전의 결정"",""외각룡 날개 조각"",""외각룡 뿔"",""동사슴벌레""",,,,"MA00156,MA00147,MA00157,MA00158,MA90034",,"레이드 구성 : 3페이즈
기여도 : 5 / 20 / 40%
경험치 : 1500 / 2000 / 2500
출격가능 함대 : 1"
데인데 숲 탐사,FREE0501,Deindeforest,5,30,4000,17000,0,0,1,1,0,0,0,0,0,0,"0,0",CS,CS,"{""데인데 스톤"":1}","""데인데 스톤"",""영혼의 실""","{""MA00167"" : 1}",MA00167,,"MA00167,MA90032",,거미들을 제거합시다.
고치를 지키는 거미들,HUNT0501,Deindeforest,5,30,4000,24000,0,0,1,1,0,0,0,0,0,0,"0,0",CSF,S,"{""CAMPA-스피커"":1}","""CAMPA-스피커"",""익살풀"",""거미의 고치"",""빛나는 거미의 고치""","{""MA90082"" : 1}",MA90082,,"MA90082,MA00011","CC00028,CC00029_1","해석 불능, 정체를 알 수 없는 언노운과의 전투입니다.
커다란 거미도 맞서 싸워야 합니다.

정체를 알 수 없으며, 거미형태의 존재입니다. 실을 뿜는 거미줄 공격, 또는 공중에 매달려 공격하는 패턴에 주의하십시오.

화염 속성으로 좀 더 피해를 줄 수 있습니다."
벌레를 찾아서,DAIL0501,Redflower,5,20,7000,22000,100,0,0,0,0,0,0,0,0,0,"0,0",H,CD,,"""동사슴벌레""",,,,MA90034,,"희귀한 재료로 쓰인다는 벌레를 찾아서...

레이드 희귀한 벌레의 숲이 등장할 수 있는 퀘스트입니다."
잠식된 영혼들,FREE0502,Deindeforest,5,30,4000,23000,50,0,1,1,0,0,0,0,0,0,"0,0",H,D,"{""암흑의 정수"":1}","""암흑의 정수"",""데인데 스톤""","{""MA00170"" : 1}",MA00170,,"MA00170,MA00167",,
세가지 전부,HUNT0502,Redflower,5,30,4000,25000,0,0,1,1,0,0,0,0,0,0,"0,0",CSHD,CSHD,"{""케르베로스 갈기"":1}","""케르베로스 갈기"",""데인데 스톤"",""암흑의 정수""","{""MA00171"" : 1}",MA00171,,"MA00171,MA00167,MA00170",,"암흑, 신성, 그리고 물리 케르베로스와의 전투입니다.

시간이 많이 지나면 요원들을 괴멸시킬 수 있는 강력한 공격을 합니다. 주의하십시오.
가장 멀리 있는 요원을 끌어당겨 스턴을 걸기도 합니다.

근접 요원으로 공격하면 공격 치명타 확률과 피해량이 증가되어 피해를 더 줄 수 있습니다.
타격, 참격, 신성, 암흑 속성으로 좀 더 피해를 줄 수 있습니다."
여러 개중에 여러 개,HUNT0503,Redflower,5,40,4500,26500,0,0,1,1,0,0,0,0,0,0,"0,0",CSFILHD,CSFILHD,"{""케르베로스 갈기"":2}","""케르베로스 갈기"",""케르베로스 가죽"",""데인데 스톤""","{""MA00171"" : 2}",MA00171,,"MA00171,MA00172,MA00167",,"무슨 속성인지 알 수 없는 케르베로스와의 전투입니다.
매우 강력하므로 조심하십시오.

시간이 많이 지나면 요원들을 괴멸시킬 수 있는 강력한 공격을 합니다. 주의하십시오.
가장 멀리 있는 요원을 끌어당겨 스턴을 걸기도 합니다.

근접 요원으로 공격하면 공격 치명타 확률과 피해량이 증가되어 피해를 더 줄 수 있습니다."
악몽 속 망령,HUNT0504,Bone,5,30,4000,24000,50,0,1,1,0,0,0,0,0,0,"0,0",H,D,,"""몽환초"",""데인데 스톤"",""암흑의 정수"",""무덤 고치""",,,,"MA00173,MA00167,MA00170",CC00001_1,"오전 6시부터 오후 6시까지 오픈되는 퀘스트입니다.
망령이 꿈속에서 등장합니다.

강력한 1타 스킬은 원거리와 지원요원에게 더더욱 크게 피해를 줍니다.
또한, 전투시간이 상당히 흐르면 매우 강력하게 광폭화를 진행합니다.

적들을 소환하기도 하므로, 빠르게 해치우고 근접을 통하여 후방을 지키는 전략을 추천합니다.

신성 속성으로 좀 더 피해를 줄 수 있스빈다.

스피카 : 궁극기 적중시 스턴을 겁니다.
아메트린 : 울부짖는 망령에게 피해를 덜 받습니다.
플레이 가능 시간 : 6:00 ~ 18:00"
악몽 속 망령 (밤),HUNT0505,Bone,5,30,4000,25000,100,0,1,1,0,0,0,0,0,0,"0,0",H,D,"{""몽환초"":1}","""암흑의 정수"",""무덤 고치"",""또다른 무덤 고치""","{""MA00173"" : 1}",MA00173,,MA00170,"CC00001_1,CC00003","오후 6시부터 다음 날 오전 6시까지 오픈되는 퀘스트입니다.
망령이 꿈속에서 등장합니다.

강력한 1타 스킬은 원거리와 지원요원에게 더더욱 크게 피해를 줍니다.
또한, 전투시간이 상당히 흐르면 매우 강력하게 광폭화를 진행합니다.

적들을 소환하기도 하므로, 빠르게 해치우고 근접을 통하여 후방을 지키는 전략을 추천합니다.

신성 속성으로 좀 더 피해를 줄 수 있스빈다.

스피카 : 궁극기 적중시 스턴을 겁니다.
아메트린 : 울부짖는 망령에게 피해를 덜 받습니다.
플레이 가능 시간 : 18:00 ~ 6:00"
악몽 속 망령 (심야),HUNT0506,Bone,5,30,,,,,,,,,,,,,,,,,,,,,,,
해적의 습격,HUNT0507,Green,5,30,4000,28000,50,0,1,1,0,0,0,0,0,0,"0,0",CSF,C,"{""해적의 닻"":1}","""해적의 닻"",""데인데 스톤"",""해적의 모자""","{""MA00175"" : 1}",MA00175,,"MA00175,MA00167,MA00176",,"대해적 붉은 수염과의 전투입니다.

그가 움직일 때 우리 요원들에게도 피해를 입히므로 조심해주세요.
대포를 발사하는 스킬은 아군에게 침묵을 겁니다.

타격과 참격 그리고 화염 속성으로 더 피해를 줄 수 있습니다.

붉은 수염의 해적들이 마을에 침공할 수 있는 퀘스트입니다."
폭주하는 뇌수,HUNT0508,Deindegate,5,30,4000,30000,50,0,1,1,0,0,0,0,0,0,"0,0",F,L,"{""뇌수의 갈기"":1,""작은 액세서리"":1}","""뇌수의 갈기"",""뇌수의 발톱"",""원소의 결정""","{""MA00177"" : 1,""MA00179"" : 1}","MA00177,MA00179",,"MA00177,MA00178,MA00146",,"벤트라타는 칼리오스의 수호신으로 불리던 존재입니다.
벤트라타는 적대 국가에겐 사냥개라 불리는 매우 위험한 존재이므로 주의해 주세요.

벤트라타와 싸우기 위해서는 화염속성 요원만으로 구성된 함선을 보내는 것을 추천합니다.

화염 속성공격에 취약하지만 냉기속성 요원에 강하므로 편성을 다시 생각해봐야 합니다.
탱커가 없다면 패턴이 어려워집니다."
둘중에 하나,HUNT0509,Redflower,5,30,4000,30000,0,0,1,1,0,0,0,0,0,0,"0,0",CSHD,CSHD,"{""케르베로스 갈기 S"":1}","""케르베로스 갈기 S"",""케르베로스 가죽"",""데인데 스톤"",""암흑의 정수""","{""MA00171_1"" : 1}",MA00171_1,,"MA00171_1,MA00172,MA00167,MA00170",,"물리 속성 또는 비전 속성의 케르베로스와의 전투입니다.
둘중에 한 종류의 케르베로스 한마리가 등장합니다.

시간이 많이 지나면 요원들을 괴멸시킬 수 있는 강력한 공격을 합니다. 주의하십시오.
가장 멀리 있는 요원을 끌어당겨 스턴을 걸기도 합니다.

근접 요원으로 공격하면 공격 치명타 확률과 피해량이 증가되어 피해를 더 줄 수 있습니다.
타격, 참격, 신성, 암흑 속성으로 좀 더 피해를 줄 수 있습니다."
둘다 선택한다면?,HUNT0510,Redflower,5,40,4500,34000,0,0,1,1,0,0,0,0,0,0,"1,0",CSHD,CSHD,"{""케르베로스 갈기 S"":2}","""케르베로스 갈기 S"",""케르베로스 갈기"",""케르베로스 가죽"",""데인데 스톤"",""암흑의 정수"",""비전의 결정""","{""MA00171_1"" : 2}",MA00171_1,,"MA00171_1,MA00171,MA00172,MA00167,MA00170,MA00147",,"물리 속성과 비전 속성의 케르베로스. 즉 2마리와의 전투입니다.
매우 강력하므로 조심하십시오.

시간이 많이 지나면 요원들을 괴멸시킬 수 있는 강력한 공격을 합니다. 주의하십시오.
가장 멀리 있는 요원을 끌어당겨 스턴을 걸기도 합니다.

근접 요원으로 공격하면 공격 치명타 확률과 피해량이 증가되어 피해를 더 줄 수 있습니다.
타격, 참격, 신성, 암흑 속성으로 좀 더 피해를 줄 수 있습니다."
아멜리아의 망령,HUNT0511,Green,5,30,4000,37000,0,0,1,1,0,0,0,0,0,0,"0,0",HD,D,"{""발현된 문장"":1}","""발현된 문장"",""익살풀"",""신비한 고치"",""또다른 신비한 고치""","{""MA90100"" : 1}",MA90100,,"MA90100,MA00011","CC00023_1,CC00012_1","아멜리아의 망령과의 전투입니다.

공격 속도가 느리지만 강력하므로 조심하십시오.
또한 소환수를 이용하기 때문에 가능하다면 유틸과 광력성 있는 스킬을 준비하십시오.

신성 속성과 암흑 속성공격에 취약하지만 다른 속성에는 전부 저항이 있습니다.
철혈의 왕녀 산토 : 피해량 증가.
철혈의 여왕 산토 : 궁극기 적중시 스턴을 겁니다."
고치를 지키는 거미들 (섬멸),HUNT0512,Deindeforest,5,60,4000,48000,150,0,1,1,0,0,0,0,0,0,"0,0",CSF,S,"{""CAMPA-스피커"":4}","""CAMPA-스피커"",""익살풀"",""거미의 고치"",""빛나는 거미의 고치""","{""MA90082"" : 4}",MA90082,,"MA90082,MA00011","CC00028,CC00029_1","※ 최소 요구 인원 : 8명

해석 불능, 정체를 알 수 없는 언노운과의 전투입니다.
커다란 거미도 맞서 싸워야 합니다.

정체를 알 수 없으며, 거미형태의 존재입니다. 실을 뿜는 거미줄 공격, 또는 공중에 매달려 공격하는 패턴에 주의하십시오.

화염 속성으로 좀 더 피해를 줄 수 있습니다."
해적의 습격 (섬멸),HUNT0513,Green,5,60,4000,56000,200,0,1,1,0,0,0,0,0,0,"0,0",CSF,C,"{""해적의 닻"":4}","""해적의 닻"",""데인데 스톤"",""해적의 모자""","{""MA00175"" : 4}",MA00175,,"MA00175,MA00167,MA00176",,"※ 최소 요구 인원 : 8명

대해적 붉은 수염과의 전투입니다.

그가 움직일 때 우리 요원들에게도 피해를 입히므로 조심해주세요.
대포를 발사하는 스킬은 아군에게 침묵을 겁니다.

타격과 참격 그리고 화염 속성으로 더 피해를 줄 수 있습니다.

붉은 수염의 해적들이 마을에 침공할 수 있는 퀘스트입니다."
들끓는 화염,HUNT0514,area_l_02_01,5,30,4500,36000,100,0,1,1,0,0,0,0,0,0,"0,0",I,F,"{""소환의 양초"":1}","""소환의 양초"",""데인데 스톤""","{""MA00181"" : 1}",MA00181,,"MA00181,MA00167",,"영수 라프란드는 위대한 존재이지만 수명이 다한 개체는 근원에서 내뿜는 열기를 이기지 못하고 모든것을 불태우는 존재가 됩니다.
저희 헤이븐은 이전 라프란드와 약속한 일이 있으므로 라프란드와 만나주세요.

라프란드와 싸우기 위해서는 냉기속성 요원마능로 구성된 함선을 보내는 것을 추천합니다.

냉기 속성공격에 취약하지만 전격 속성 요원에 강하므로 편성을 다시 생각해봐야 합니다.
"
단단한 꽃게,HUNT0515,area_l_02_01,5,30,4500,36000,100,0,1,1,0,0,0,0,0,0,"0,0",L,F,"{""소환의 양초"":1}","""소환의 양초"",""데인데 스톤""","{""MA00181"" : 1}",MA00181,,"MA00181,MA00167",,"아카이오스와의 전투입니다.

몬스터들을 소환하는 것에 주의하십시오.
방어력이 높아 시간이 부족할 수 있습니다. 요원의 공격력을 높이는 장비를 맞추는 것을 추천합니다.

전격 속성공격에 취약하지맞 냉기 속성 요원에 강하므로 편성을 다시 생각해봐야 합니다."
인페르노의 유적지,HUNT0516,area_l_02_01,5,0,5000,40000,500,0,1,1,0,0,0,0,0,0,"0,0",H,F,,"""소환의 양초"",""인페르노의 뿔"",""데인데 스톤"",""숨겨진 힘의 구체"",""숨겨진 정신의 구체"",""발현된 힘의 구체""",,,,"MA00181,MA00182,MA00167,MA90101,MA90102,MA90103",,"미지의 소환수 인페르노와의 전투입니다.

인페르노가 소환되었습니다. 그의 불꽃이 더욱더 붉어지면 강력한 공격을 한다는 신호입니다. 조심하십시오.

신성 속성에만 약점이 있습니다.
다른 속성에는 내성을 갖추고 있느 매우 까다롭습니다.

점점 필드를 불바다로 만들기 때문에 빠른 시간내에 처치하는 걸 추천합니다."
미지의 유적지,HUNT0517,area_l_02_01,5,0,5000,70000,600,0,1,1,0,0,0,0,0,0,"2,0",ILH,F,,"""소환의 양초"",""인페르노의 뿔"",""데인데 스톤"",""발현된 정신의 구체"",""정체된 힘의 구체"",""정체된 정신의 구체""",,,,"MA00181,MA00182,MA00167,MA90104,MA90105,MA90106",,"라프란드, 아카이오스, 그리고 인페르노와의 전투입니다.

총 3 스테이지의 전투이며, 오직 8명의 요원으로만 출격할 수 있습니다.
스테이지에 따른 요원을 잘 구성하고, 체력과 포션을 염두하며, 마지막 인페르노를 물리치세요.

성공을 빕니다."
정말 잊혀진 지하 유적지,HUNT0518,area_l_01_02,5,30,4500,32000,0,0,1,1,0,0,0,0,0,0,"0,0",CS,S,"{""잃은 자의 물방울"":1,""길 잃은 자의 흔적"":1}","""잃은 자의 물방울"",""길 잃은 자의 흔적"",""또다른 무덤 고치"",""E-01 코어"",""디모데이"",""가고일 중추핵"",""외각룡 뿔"",""언노운의 눈"",""뜨거운 뿔""","{""MA90118_1"" : 1,""MA00139"" : 1}","MA90118_1,MA00139",,"MA90118_1,MA00139,MA00128,MA00131,MA00138,MA00158,MA00161,MA00164",CC00003,"지하 유적에서 떠도는 '길 잃은 자의 아들'과의 전투입니다.

스틱스의 힘으로 인하여 죽지 못하고 계속해서 방황하는 존재로 알려져 있습닌다.
또한 길 잃은 자의 원혼이 붙어 있어 상당히 위험하다고 합니다."
(RAID) 희귀한 벌레의 숲,RAID0501,forest,5,0,4000,0,0,0,1,1,0,0,0,0,0,0,"6,0",,,,"""데인데 스톤"",""거미의 고치"",""물리의 결정"",""거미 껍질"",""언노운 껍질"",""빛나는 거미의 고치"",""별빛 벌레""",,,,"MA00167,MA00145,MA00168,MA00159,MA00003","CC00028,CC00029_1","레이드 구성 : 3페이즈
기여도 : 4 / 16 / 33%
경험치 : 1500 / 2500 / 4000
출격가능 함대 : 1"
검은대륙 탐사,FREE0601,black,6,30,6000,32000,100,0,1,1,0,0,0,0,0,0,"0,0",,D,"{""검은 대륙 스톤"":1}","""검은 대륙 스톤"",""영혼의 실"",""무덤풀"",""검은 대륙 고치""","{""MA00184"" : 1}",MA00184,,"MA00184,MA90032,MA00002",CC00028_1,"까마귀들은 재빨리 처리해야 합니다.
스스로 회복하는 능력을 가지고 있습니다.

레이드 공포의까마귀 떼가 등장할 수 있는 퀘스트입니다."
암초지대의 위험,FREE0602,rockzone,6,30,6000,38000,300,0,1,1,0,0,0,0,0,0,"0,0",,L,"{""날개 석상 조각"":1}","""날개 석상 조각"",""검은 대륙 스톤"",""영혼의 실"",""물방울""","{""MA00187"" : 1}",MA00187,,"MA00187,MA00184,MA90032,MA00001",,"암초지대의 적, 가고일은 단단하고 강력합니다.
적을 기절시키거나 수면을 걸 수 있는 요원을 추천합니다.

가고일이 마을에 침공할 수 있는 퀘스트입니다."
마인 그렘린,HUNT0601,Sleepingroom,6,30,6000,38500,150,0,1,1,0,0,0,0,0,0,"0,0",HD,C,"{""검은 대륙 스톤"":1}","""검은 대륙 스톤"",""영혼의 실"",""익살풀"",""두둑한 주머니"",""남겨진 고치""","{""MA00184"" : 1}",MA00184,,"MA00184,MA90032,MA00011,MA90053",CC90002_2,"마인 그렘린과의 전투입니다.

강력한 스틱스의 힘으로 공격해옵니다.
기본 공격은 아프지 않더라고 스킬을 썼을 때 조심하십시오.
움직이는게 빠르기 때문에 요원들도 잘 방어하거나 피해야합니다.
거기다 밀쳐짐에도 저항이 있습니다.

원거리 요원을 향해 달려오기도 하므로 조심해야합니다."
아르브 웨일 위,FREE0603,Arb,6,30,6000,38000,100,0,1,1,0,0,0,0,0,0,"0,0",,S,"{""기생체 조각"":1}","""기생체 조각"",""영혼의 실""","{""MA00189"" : 1}",MA00189,,"MA00189,MA90032",,"기생체의 조각을 조금 획득하실 수 있습니다.

MAIN 6-14를 클리어하면 레이드 아르브 웨일의 꽃이 등장할 수 있습니다."
기괴한 기생체,HUNT0602,Arb,6,30,6000,40000,150,0,1,1,0,0,0,0,0,0,"0,0",,D,"{""기분나쁜 턱뼈"":1,""기생체 조각"":1}","""기분나쁜 턱뼈"",""기생체 조각"",""영혼의 실""","{""MA00190"" : 1,""MA00189"" : 1}","MA00190,MA00189",,"MA00190,MA00189,MA90032",,"기괴한 기생체, 패러사이트와의 전투입니다.

눈의 색깔이 변하면 주의하십시오.
저주를 걸어오기도 합니다.
저주에 걸리면 회복 기술이나 아이템을 쓰면 오히려 피해를 받습니다.
체력이 50% 미만이면 강력한 기술도 공격하므로 후반에 전력을 다하는 것을 추천합니다.

아메트린 : 치명타 확률 증가.
다이오테 : 패러사이트에게 받는 피해량 감소."
Extreme 기괴한 기생체x3,HUNT0603,Arb,6,40,6000,43000,300,0,1,1,1,0,0,0,0,0,"0,0",,D,"{""기분나쁜 턱뼈"":2,""기생체 조각"":2}","""기분나쁜 턱뼈"",""기생체 조각"",""패러사이트의 눈"",""영혼의 실""","{""MA00190"" : 2,""MA00189"" : 2}","MA00190,MA00189",,"MA00190,MA00189,MA00191,MA90032",,"주의 고난이도 퀘스트
기괴한 기생체, 패러사이트와의 전투입니다.
가장 큰 한 마리, 그리고 시간이 지나면 작은 두 마리가 더 공격해옵니다.

눈의 색깔이 변하면 주의하십시오.
저주를 걸어오기도 합니다.
저주에 걸리면 회복 기술이나 아이템을 쓰면 오히려 피해를 받습니다.
체력이 50% 미만이면 강력한 기술도 공격하므로 후반에 전력을 다하는 것을 추천합니다.

아메트린 : 치명타 확률 증가.
다이오테 : 패러사이트에게 받는 피해량 감소."
검은대륙의 깊은 곳,FREE0604,black,6,30,6000,37000,100,0,1,1,0,0,0,0,0,0,"0,0",,C,"{""푸짐한 돼지고기"":1}","""영혼의 실"",""무덤풀"",""검은 대륙 고치""","{""MA90095"" : 1}",MA90095,,"MA90032,MA00002",CC00028_1,"커다란 돼지 디펙스들이 돌진해옵니다.
돼지고기를 모아 새로운 연구를 해봅시다."
이니티움의 왕 S,HUNT0604,Sleepingroom,6,30,6000,45000,150,0,1,1,0,0,0,0,0,0,"0,0",,F,"{""하얀색 갈기 S"":1,""자색의 물방울"":1}","""자색의 물방울"",""하얀색 갈기 S"",""오거의 발톱 S"",""검은 대륙 스톤"",""뜨거운 뿔 S""","{""MA00162_1"" : 1,""MA90120_1"" : 1}","MA00162_1,MA90120_1",,"MA90120_1,MA00162_1,MA00163_1,MA00184,MA00164_1",,"이니티움 오거'와의 전투입니다.

이니티움 오거의 일반 공격의 브레스를 맞으면 폭발하는 스택이 쌓입니다. 브레스를 피하거나 막으면 스택을 피할 수 있습니다.

이니티움의 포효로 스택이 쌓인 요원은 커다란 피해를 입게 되므로 주의하십시오.

강력한 브레스에 맞으면 화상을 입습니다. 요원의 체력을 신경써주세요.
탱커가 없다면 패턴이 어려워집니다."
이니티움의 왕들,HUNT0605,Sleepingroom,6,40,6000,50000,300,0,1,1,1,0,0,0,0,0,"1,0",,F,"{""오거의 발톱 S"":1}","""자색의 물방울"",""하얀색 갈기 S"",""오거의 발톱 S"",""검은 대륙 스톤"",""뜨거운 뿔 S"",""오거의 꼬리 S""","{""MA00163_1"" : 1}",MA00163_1,,"MA90120_1,MA00162_1,MA00163_1,MA00184,MA00164_1,MA00165_1",,"주의 고난이도 퀘스트

강력한 '이니티움 오거' 두마리를 처음부터 동시에 상대해야하는 전투입니다.

이니티움 오거의 일반 공격의 브레스를 맞으면 폭발하는 스택이 쌓입니다. 브레스를 피하거나 막으면 스택을 피할 수 있습니다.

이니티움의 포효로 스택이 쌓인 요원은 커다란 피해를 입게 되므로 주의하십시오.

강력한 브레스에 맞으면 화상을 입습니다. 요원의 체력을 신경써주세요.
탱커가 없다면 패턴이 어려워집니다."
데인데 숲의 잔해,FREE0605,Deindeforest,6,30,6000,38000,100,0,1,1,0,0,0,0,0,0,"0,0",F,,,"""냄새나는 풀"",""무덤풀"",""물방울""",,,,"MA00196,MA00002,MA00001",,불타고 난 후의 데인데 숲에서 기이한 디펙스들을 상대하세요.
식물에 붙은 녀석들,HUNT0606,Deindeforest,6,30,6000,45000,150,0,1,1,0,0,0,0,0,0,"0,0",F,,"{""냄새나는 풀"":1}","""냄새나는 풀"",""무덤풀"",""물방울""","{""MA00196"" : 1}",MA00196,,"MA00196,MA00002,MA00001",,숲을 정화합시다.
식물이 되어버린 녀석들,FREE0606,Deindeforest,6,30,8000,48000,150,0,1,1,0,0,0,0,0,0,"0,0",F,,"{""불길한 뿌리"":1}","""불길한 뿌리"",""냄새나는 풀"",""무덤풀"",""물방울""","{""MA00197"" : 1}",MA00197,,"MA00197,MA00196,MA00002,MA00001",,"숲을 정화합시다. Part 2

레이드 데인데 숲 정화 작업이 등장할 수 있습니다."
두 번째 용 사냥,HUNT0607,area_l_01_02,6,30,7000,50000,150,0,1,1,0,0,0,0,0,0,"0,0",,HD,"{""외각룡 비늘 S"":1}","""외각룡 비늘 S"",""외각룡 날개 조각 S"",""외각룡 뿔 S""","{""MA00156_1"" : 1}",MA00156_1,,"MA00156_1,MA00157_1,MA00158_1",,"폭주하는 외각룡 '베르나'와의 전투입니다.

베르나의 스킬을 방어하지 못하면 큰 피해를 입습니다.
베르나는 암흑 속성과 신성 속성공격을 동시에 발휘합니다."
Extreme 폭주하는 베르나들,HUNT0608,area_l_01_02,6,40,8000,55000,300,0,1,1,1,0,0,0,0,0,"1,0",,HD,"{""외각룡 비늘 S"":3,""외각룡 날개 조각 S"":1}","""외각룡 비늘 S"",""외각룡 날개 조각 S"",""외각룡 뿔 S""","{""MA00156_1"" : 3,""MA00157_1"" : 1}","MA00156_1,MA00157_1",,"MA00156_1,MA00157_1,MA00158_1",,"주의 고난이도 퀘스트

폭주하는 외각룡 '베르나' 3마리와 전투입니다.

베르나의 스킬을 방어하지 못하면 큰 피해를 입습니다.
베르나는 암흑 속성과 신성 속성공격을 동시에 발휘합니다."
또 다른 보라색 생명체,HUNT0609,Arb,6,30,8000,48000,200,0,1,1,0,0,0,0,0,0,"0,0",CS,C,"{""키모어 가죽 조각"":1}","""검은 대륙 스톤"",""키모어 가죽 조각"",""키모어 뿔""","{""MA00201"" : 1}",MA00201,,"MA00184,MA00201,MA00202",,"고래 등에 나타난 또 다른 기생체, '키모어'와의 전투입니다.

참격과 타격외엔 저항이 큽니다.
공격 속도가 느리기 때문에 특수공격은 피하거나 막기 수월합니다.

또한 원거리 공격으로 튼튼한 피부엔 피해를 크게 입힐 수 없습니다.
따라서 근접으로 공격하는 요원을 추천합니다.
탱커가 없다면 패턴이 어려워집니다."
메모리칩 모으기,FREE0607,Tradepost,6,30,6000,32000,100,0,1,1,0,0,0,0,0,0,"0,0",,,"{""메모리 칩 조각"":1}","""메모리 칩 조각""","{""MA00203"" : 1}",MA00203,,MA00203,,
Extreme 기괴한 기생체x3 (섬멸),HUNT0610,Arb,6,60,6000,80000,450,0,1,1,1,0,0,0,0,0,"0,0",,D,"{""기분나쁜 턱뼈"":8,""기생체 조각"":8}","""기분나쁜 턱뼈"",""기생체 조각"",""패러사이트의 눈"",""영혼의 실""","{""MA00190"" : 8,""MA00189"" : 8}","MA00190,MA00189",,"MA00190,MA00189,MA00191,MA90032",,"※ 최소 요구 인원 : 8명
주의 고난이도 퀘스트

기괴한 기생체, 패러사이트와의 전투입니다.

눈의 색깔이 변하면 주의하십시오.
저주를 걸어오기도 합니다.
저주에 걸리면 회복 기술이나 아이템을 쓰면 오히려 피해를 받습니다.
체력이 50% 미만이면 강력한 기술도 공격하므로 후반에 전력을 다하는 것을 추천합니다.

아메트린 : 치명타 확률 증가.
다이오테 : 패러사이트에게 받는 피해량 감소."
Extreme 이니티움의 왕들 (섬멸),HUNT0611,Sleepingroom,6,60,6000,100000,450,0,1,1,1,0,0,0,0,0,"1,0",,F,"{""하얀색 갈기 S"":4,""오거의 발톱 S"":4,""자색의 물방울"":4}","""자색의 물방울"",""하얀색 갈기 S"",""오거의 발톱 S"",""검은 대륙 스톤"",""뜨거운 뿔 S"",""오거의 꼬리 S""","{""MA00162_1"" : 4,""MA00163_1"" : 4,""MA90120_1"" : 4}","MA00162_1,MA00163_1,MA90120_1",,"MA90120_1,MA00162_1,MA00163_1,MA00184,MA00164_1,MA00165_1",,"※ 최소 요구 인원 : 8명
주의 고난이도 퀘스트

강력한 '이니티움 오거' 두마리를 처음 부터 동시에 상대해야하는 전투입니다.

이니티움 오거의 일반 공격의 브레스를 맞으면 폭발하는 스택이 쌓입니다. 브레스를 피하거나 막으면 스택을 피할 수 있습니다.

이니티움의 포효로 스택이 쌓인 요원은 커다란 피해를 입게 되므로 주의하십시오.

강력한 브레스에 맞으면 화상을 입습니다. 요원의 체력을 신경써주세요.
탱커가 없다면 패턴이 어려워집니다."
Extreme 폭주하는 베르나들 (섬멸),HUNT0612,area_l_01_02,6,60,8000,120000,450,0,1,1,1,0,0,0,0,0,"1,0",,HD,"{""외각룡 비늘 S"":12,""외각룡 날개 조각 S"":4}","""외각룡 비늘 S"",""외각룡 날개 조각 S"",""외각룡 뿔 S""","{""MA00156_1"" : 12,""MA00157_1"" : 4}","MA00156_1,MA00157_1",,"MA00156_1,MA00157_1,MA00158_1",,"※ 최소 요구 인원 : 8
주의 고난이도 퀘스트

폭주하는 외각룡 '베르나' 3마리와 전투입니다.

베르나의 스킬을 방어하지 못하면 큰 피해를 입습니다.
베르나는 암흑 속성과 신성 속성공격을 동시에 발휘합니다."
(RAID) 공포의 까마귀 떼,RAID0601,raid_crow,6,0,6000,0,0,0,1,1,0,0,0,0,0,0,"0,0",,,,"""검은 대륙 스톤"",""검은 깃털""",,,,"MA00184,MA00185",,"레이드 구성 : 2페이즈
기여도 : 10 / 40%
경험치 : 3500 / 6000
출격가능 함대 : 1"
(RAID) 아르브 웨일의 꽃,RAID0602,raid_arb,6,0,6000,0,0,0,1,1,1,0,0,0,0,0,"0,0",,,,"""검은 대륙 고치"",""검은 대륙 스톤"",""기생체 조각""",,,,"MA00184,MA00189",CC00028_1,"레이드 구성 : 2페이즈
기여도 : 10 / 40%
경험치 : 3500 / 6000
출격가능 함대 : 1"
(RAID) 데인데 숲 정화 작업,RAID0603,deinde_forest,6,0,8000,0,0,0,1,1,0,0,0,0,0,0,"3,0",,,,"""데인데 숲 고치"",""불길한 뿌리"",""냄새나는 풀"",""무덤풀"",""물방울""",,,,"MA00197,MA00196,MA00002,MA00001",CC00009_1,"레이드 구성 : 2페이즈
기여도 : 10 / 40%
경험치 : 4500 / 8000
출격가능 함대 : 1"
위험한 정찰,DAIL0701,garben,7,30,8000,53000,1000,0,1,1,0,0,0,0,0,0,"0,0",HD,HD,"{""가르벤트리아 구슬"":3}","""비전의 결정"",""공격의 결의"",""사격의 결의""","{""MA00205"" : 3}",MA00205,,"MA00147,MA00044,MA00045",,"누군가가 가르벤트리아에 괴물을 풀어두었습니다.
이들을 처리 하고 요일별로 다른 보상들을 받으세요."
몰려오는 검은 녀석들,FREE0701,garben,7,30,6000,48000,150,0,1,1,0,0,0,0,0,0,"0,0",,,"{""가르벤트리아 구슬"":1}","""가르벤트리아 구슬"",""무덤풀"",""물방울""","{""MA00205"" : 1}",MA00205,,"MA00205,MA00002,MA00001",,"적들은 랜덤으로 요원이 등장합니다.
전투력이 강하므로 순간적인 스킬집중 난사에 주의하십시오.
우리쪽은 숫자로 밀어 붙이는게 좋을 것 같습니다.

레이드 유력 해적선이 등장할 수 있습니다."
거대 기계 엔도라,HUNT0701,area_l_02_01,7,30,10000,55000,200,0,1,1,0,0,0,0,0,0,"0,0",SL,C,"{""엔도라 몸통 부품"":1}","""엔도라 몸통 부품"",""영혼의 실""","{""MA00208"" : 1}",MA00208,,"MA00208,MA90032",,"거대 기계 엔도라와의 전투입니다.

요원에게 CC기를 걸진 않지만 공격하는 피해량이 매우 큽니다.
방어와 회피를 적절히 사용하는 것을 추천합니다.

아군 후열에 파고드는 스킬을 쓰거나, 뒤로 회피하는 이동 기술을 쓰기 때문에 스킬 타이밍을 잘 보아야합니다.

코럴 : 공격 시 엔도라의 공격력, 방어력 감소."
Extreme 부딪히는 기계들,HUNT0701,area_l_02_01,7,40,12000,60000,300,0,1,1,0,0,0,0,0,0,"1,0",SL,C,"{""엔도라 몸통 부품"":3,""엔도라 발 부품"":1}","""엔도라 몸통 부품"",""엔도라 발 부품"",""엔도라 중심 코어"",""익살풀"",""영혼의 실""","{""MA00208"" : 3,""MA00209"" : 1}","MA00208,MA00209",,"MA00208,MA00209,MA00210,MA00011,MA90032",,"주의 고난이도 퀘스트

거대 기계 엔도라 2마리와의 전투입니다.

엔도라의 필살기는 다른 엔도라에게도 피해를 입힐 수 있습니다.
이를 이용하여 최대한 둘이 붙어있도록 유도시켜봅시다.

요원에게 CC기를 걸진 않지만 공격하는 피해량이 매우 큽니다.
방어와 회피를 적절히 사용하는 것을 추천합니다.

아군 후열에 파고드는 스킬을 쓰거나, 뒤로 회피하는 이동 기술을 쓰기 때문에 스킬 타이밍을 잘 보아야합니다.

코럴 : 공격 시 엔도라의 공격력, 방어력 감소."
(RAID) 유령 해적선,RAID0701,raid_tier7,7,0,9000,0,0,0,1,1,0,0,0,0,0,0,"0,0",,,,"""가르벤트리아 구슬"",""유령 해적선 고치"",""증기 배출 장치"",""몽환초"",""발현된 문장"",""데인데 숲 고치"",""항해사의 핸들""",,,,"MA00205,MA00206,MA00173,MA90100,MA00207","CC90001_1,CC00009_1","레이드 구성 : 3페이즈
기여도 : 5 / 20 / 40%
경험치 : 5000 / 7000 / 9000
출격가능 함대 : 3"