ID,Name,Tier,Hour,Minute,Sec,rsc_A,rsc_B,rsc_C,rsc_D,MA90042,MA90043,cc,dc,nyang,MA90016,baseEquip,materials,results
EQ00001,휴대용 세공품,1,,,6,32,,,,,,,,50,,,"{""name"":""보라빛 니켈"",""ID"":""MA00015"",""count"":""4""}","""거친 쐐기돌"",""손가락 걱정인형"""
EQ00016,그래핀,1,,,3,,,,,,,,,200,,,"{""name"":""거대한 껍질"",""ID"":""MA00056"",""count"":""2""}","""그래핀 목걸이"",""그래핀 팔찌"",""그래핀 허리띠"""
EQ00019,글레이즈,1,,,3,,,,,,,,,200,,,"{""name"":""글레이저의 가죽"",""ID"":""MA00019"",""count"":""2""}","""글레이즈 귀걸이"",""글레이즈 허리띠"""
EQ00025,피에타,1,,,3,,,,,,,,,200,,,"{""name"":""울부짖는 자의 파편"",""ID"":""MA00075"",""count"":""2""}","""피에타 허리띠"",""피에타 신발"",""피에타 종"""
EQ00035,해적의 소지품,2,1,,,200,150,,,,,,,100,,,"{""name"":""해적의 징표"",""ID"":""MA00071"",""count"":""5""}","""해적토벌의 증거"",""해적의 커틀러스"""
EQ00020,글레이즈 S,2,,,3,,,,,,,,,300,,,"{""name"":""글레이저의 가죽 S"",""ID"":""MA00019_1"",""count"":""2""}","""글레이즈 스카프"",""글레이즈 허리띠"",""글레이즈 팔찌"""
EQ00025_1,피에타 S,2,,,3,,,,,,,,,300,,,"{""name"":""울부짖는 자의 파편 S"",""ID"":""MA00075_1"",""count"":""2""}","""피에타 허리띠"",""피에타 신발"",""피에타 종"""
EQ00027,그래핀 S,2,,,3,,,,,,,,,300,,,"{""name"":""거대한 껍질 S"",""ID"":""MA00056_1"",""count"":""2""}","""그래핀 각반"",""그래핀 허리띠"",""그래핀 목걸이"",""그래핀 팔찌"""
EQ00036,타록의 장비,2,1,20,,300,200,,,,,,,300,,,"{""name"":""해적의 징표"",""ID"":""MA00071"",""count"":""8""},{""name"":""선장의 거울"",""ID"":""MA00072"",""count"":""4""}","""선장의 방아쇠"",""선장의 장식품"""
EQ00024,피에타 수정,2,,,3,500,400,,,,,,,500,,,"{""name"":""작은 뼈"",""ID"":""MA00016"",""count"":""10""},{""name"":""울부짖는 자의 파편 S"",""ID"":""MA00075_1"",""count"":""5""},{""name"":""울부짖는 자의 기둥 S"",""ID"":""MA00076"",""count"":""3""}","""피에타 수정"""
EQ00019_1,글레이즈 문장,2,,,3,500,400,,,,,,,500,,,"{""name"":""보라빛 니켈"",""ID"":""MA00015"",""count"":""10""},{""name"":""글레이저의 가죽 S"",""ID"":""MA00019_1"",""count"":""5""},{""name"":""글레이저의 발톱 S"",""ID"":""MA00020"",""count"":""3""}","""글레이즈 문장"""
EQ00018,그래핀 석상,2,,,3,500,400,,,,,,,500,,,"{""name"":""단단한 껍질"",""ID"":""MA00055"",""count"":""10""},{""name"":""거대한 껍질 S"",""ID"":""MA00056_1"",""count"":""5""},{""name"":""거대한 집게손 S"",""ID"":""MA00064"",""count"":""3""}","""그래핀 석상"""
EQ00111,파브리오스,2,,,3,100,100,,,,,,,400,,,"{""name"":""파브리오스 파편"",""ID"":""MA00086"",""count"":""4""},{""name"":""파브리오스 동력선"",""ID"":""MA00087"",""count"":""1""}","""방위 석상의 투구"",""방위 석상의 수호부"",""방위 석상의 고리"",""방위 석상의 인장"""
EQ00095,베아트리체,2,,,3,200,200,,,,,,,400,,,"{""name"":""베아트리체의 갈기"",""ID"":""MA00084"",""count"":""4""},{""name"":""베아트리체의 가면"",""ID"":""MA00085"",""count"":""1""}","""굳센 풍랑객의 허리띠"",""굳센 풍랑객의 각반"",""날렵한 풍랑객의 허리띠"",""날렵한 풍랑객의 각반"""
EQ00116,토마스,2,,,3,100,100,,,,,,,400,,,"{""name"":""토마스의 끈"",""ID"":""MA00089"",""count"":""4""},{""name"":""토마스의 촉수"",""ID"":""MA00090"",""count"":""1""}","""날렵한 토마스의 반지"",""굳센 토마스의 꼬리"""
EQ00132,토마스 S,2,,,3,300,200,,,,,,,200,,,"{""name"":""토마스의 끈 S"",""ID"":""MA00089_1"",""count"":""4""},{""name"":""토마스의 촉수 S"",""ID"":""MA00090_1"",""count"":""1""}","""토마스의 반지 S"",""토마스의 꼬리 S"""
EQ00128,베아트리체 S,2,,,3,300,200,,,,,,,200,,,"{""name"":""베아트리체의 갈기 S"",""ID"":""MA00084_1"",""count"":""""},{""name"":""베아트리체의 가면 S"",""ID"":""MA00085_1"",""count"":""""}","""풍랑객의 허리띠 S"",""풍랑객의 각반 S"""
EQ00124,파브리오스 S,2,,,3,300,200,,,,,,,200,,,"{""name"":""파브리오스 파편 S"",""ID"":""MA00086_1"",""count"":""4""},{""name"":""파브리오스 동력선 S"",""ID"":""MA00087_1"",""count"":""1""}","""방위 석상의 투구 S"",""방위 석상의 수호부 S"""
EQ00115,방위 석상의 정옥,2,1,,,1200,600,,,,,,,2000,,,"{""name"":""파브리오스 파편"",""ID"":""MA00086"",""count"":""25""},{""name"":""파브리오스 동력선"",""ID"":""MA00087"",""count"":""6""},{""name"":""파브리오스 척추신경"",""ID"":""MA00088"",""count"":""4""}","""방위 석상의 정옥"""
EQ00141,다시 태어난 순교자,2,,,3,600,500,,,,,,,600,,,"{""name"":""순교자의 갑옷 조각"",""ID"":""MA00102"",""count"":""4""},{""name"":""순교자의 두건"",""ID"":""MA00103"",""count"":""1""}","""순교자의 보조검"",""순교자의 방패"""
EQ90001,칼리오스 별궁휘장,2,1,,,1600,640,,,,,,,1500,,,"{""name"":""베아트리체의 갈기"",""ID"":""MA00084"",""count"":""20""},{""name"":""베아트리체의 가면"",""ID"":""MA00085"",""count"":""5""}","""칼리오스 별궁휘장"""
EQ00136,토마스의 뒤틀린 손 S,2,1,,,1600,640,,,,,,,2000,,,"{""name"":""토마스의 끈 S"",""ID"":""MA00089_1"",""count"":""15""},{""name"":""토마스의 촉수 S"",""ID"":""MA00090_1"",""count"":""5""},{""name"":""토마스의 누더기 S"",""ID"":""MA00091_1"",""count"":""3""}","""토마스의 뒤틀린 손 S"""
EQ00115_1,방위 석상의 정옥 S,2,1,,,1600,640,,,,,,,2000,,,"{""name"":""파브리오스 파편 S"",""ID"":""MA00086_1"",""count"":""15""},{""name"":""파브리오스 동력선 S"",""ID"":""MA00087_1"",""count"":""5""},{""name"":""파브리오스 척추신경 S"",""ID"":""MA00088_1"",""count"":""3""}","""방위 석상의 정옥 S"""
EQ00135,풍랑객의 가면 S,2,1,,,1600,640,,,,,,,2000,,,"{""name"":""베아트리체의 갈기 S"",""ID"":""MA00084_1"",""count"":""15""},{""name"":""베아트리체의 가면 S"",""ID"":""MA00085_1"",""count"":""5""},{""name"":""토마스의 끈 S"",""ID"":""MA00089_1"",""count"":""3""}","""풍랑객의 가면 S"""
EQ00119,키사의 왼쪽 장갑,2,1,,,1600,640,,,,,,,1500,,,"{""name"":""토마스의 끈"",""ID"":""MA00089"",""count"":""25""},{""name"":""토마스의 촉수"",""ID"":""MA00090"",""count"":""6""},{""name"":""토마스의 누더기"",""ID"":""MA00091"",""count"":""4""}","""키사의 왼쪽 장갑"""
EQ00118,키사의 오른쪽 장갑,2,1,,,1600,640,,,,,,,1500,,,"{""name"":""토마스의 끈"",""ID"":""MA00089"",""count"":""25""},{""name"":""토마스의 촉수"",""ID"":""MA00090"",""count"":""6""},{""name"":""토마스의 누더기"",""ID"":""MA00091"",""count"":""4""}","""키사의 오른쪽 장갑"""
EQ00121,아이돌 승부 머리띠,2,1,,,1600,640,,,,,,,1500,,,"{""name"":""토마스의 끈"",""ID"":""MA00089"",""count"":""25""},{""name"":""토마스의 촉수"",""ID"":""MA00090"",""count"":""6""},{""name"":""토마스의 누더기"",""ID"":""MA00091"",""count"":""4""}","""루티에의 승부 머리띠"""
EQ00120,아이돌 마이크,2,1,,,1600,640,,,,,,,1500,,,"{""name"":""토마스의 끈"",""ID"":""MA00089"",""count"":""25""},{""name"":""토마스의 촉수"",""ID"":""MA00090"",""count"":""6""},{""name"":""토마스의 누더기"",""ID"":""MA00091"",""count"":""4""}","""루티에의 마이크"""
EQ90003,메렐로의 로자리오,2,1,,,1600,640,,,,,,,1500,,,"{""name"":""베아트리체의 갈기"",""ID"":""MA00084"",""count"":""20""},{""name"":""베아트리체의 가면"",""ID"":""MA00085"",""count"":""5""}","""메렐로의 로자리오"""
EQ90002,칼리오스 수호부,2,1,,,1600,640,,,,,,,1500,,,"{""name"":""베아트리체의 갈기"",""ID"":""MA00084"",""count"":""20""},{""name"":""베아트리체의 가면"",""ID"":""MA00085"",""count"":""5""}","""칼리오스 수호부"""
EQ00122,포티아노미콘,2,1,,,1600,640,,,,,,,1500,,,"{""name"":""토마스의 끈"",""ID"":""MA00089"",""count"":""25""},{""name"":""토마스의 촉수"",""ID"":""MA00090"",""count"":""6""},{""name"":""토마스의 누더기"",""ID"":""MA00091"",""count"":""4""}","""포티아노미콘"""
EQ00123,파고스노미콘,2,1,,,1600,640,,,,,,,1500,,,"{""name"":""토마스의 끈"",""ID"":""MA00089"",""count"":""25""},{""name"":""토마스의 촉수"",""ID"":""MA00090"",""count"":""6""},{""name"":""토마스의 누더기"",""ID"":""MA00091"",""count"":""4""}","""파고스노미콘"""
EQ00139,광휘의 영혼검,2,2,,,2000,1200,,,,,,,2500,,,"{""name"":""순교자의 갑옷 조각"",""ID"":""MA00102"",""count"":""25""},{""name"":""순교자의 두건"",""ID"":""MA00103"",""count"":""6""},{""name"":""구원받은 영혼의 눈물"",""ID"":""MA00092"",""count"":""1""}","""광휘의 영혼검"""
EQ00140,광휘의 각반,2,2,,,2000,1200,,,,,,,2500,,,"{""name"":""순교자의 갑옷 조각"",""ID"":""MA00102"",""count"":""25""},{""name"":""순교자의 두건"",""ID"":""MA00103"",""count"":""6""},{""name"":""구원받은 영혼의 눈물"",""ID"":""MA00092"",""count"":""1""}","""광휘의 각반"""
EQ90001_1,칼리오스 별궁휘장 S,2,1,,,1600,640,,,,,,,2000,,"{""name"":""칼리오스 별궁휘장"",""ID"":""EQ90001""}","{""name"":""순교자의 갑옷 조각"",""ID"":""MA00102"",""count"":""25""},{""name"":""순교자의 두건"",""ID"":""MA00103"",""count"":""6""},{""name"":""뇌광 신화석"",""ID"":""MA00036"",""count"":""2""}","""칼리오스 별궁휘장 S"""
EQ90002_1,칼리오스 수호부 S,2,1,,,1600,640,,,,,,,2000,,"{""name"":""칼리오스 수호부"",""ID"":""EQ90002""}","{""name"":""순교자의 갑옷 조각"",""ID"":""MA00102"",""count"":""25""},{""name"":""순교자의 두건"",""ID"":""MA00103"",""count"":""6""},{""name"":""뇌광 신화석"",""ID"":""MA00036"",""count"":""2""}","""칼리오스 수호부 S"""
EQ00003,제로 스톤 정제,3,,,3,240,100,,,,,,,200,,,"{""name"":""제로 스톤"",""ID"":""MA00104"",""count"":""4""}","""맹렬한 작은 거북 목걸이"",""신중한 작은 거북 목걸이"",""치밀한 작은 거북 목걸이"",""노련한 작은 거북 목걸이"",""맹렬한 모래 향로"",""신중한 모래 향로"",""치밀한 모래 향로"",""노련한 모래 향로"",""맹렬한 풀 머리띠"",""신중한 풀 머리띠"",""치밀한 풀 머리띠"",""노련한 풀 머리띠"",""맹렬한 가죽 신발"",""신중한 가죽 신발"",""치밀한 가죽 신발"",""노련한 가죽 신발"",""맹렬한 모래 주머니"",""신중한 모래 주머니"",""치밀한 모래 주머니"",""노련한 모래 주머니"",""맹렬한 쐐기돌"",""신중한 쐐기돌"",""노련한 쐐기돌"",""할머니 걱정인형"",""맹렬한 갈색소라 목걸이"",""신중한 갈색소라 목걸이"",""노련한 갈색소라 목걸이"",""치밀한 갈색소라 목걸이"",""맹렬한 진흙 향로"",""신중한 진흙 향로"",""노련한 진흙 향로"",""치밀한 진흙 향로"",""맹렬한 도전자의 인장"",""신중한 도전자의 인장"",""노련한 도전자의 인장"",""치밀한 도전자의 인장"",""맹렬한 수정 조각"",""신중한 수정 조각"",""노련한 수정 조각"",""치밀한 수정 조각"",""세공품"",""라프란드의 심장"",""그라월의 눈"",""벤트라타의 뇌전 발톱"",""라프란드의 비늘 팔찌"",""그라월의 문장"",""벤트라타의 뇌전 망토"""
EQ00218,소환 물질 Y 정제,3,,,3,800,600,,,,,,,600,,,"{""name"":""소환 물질 Y"",""ID"":""MA00126"",""count"":""2""}","""울부짖는 자의 안대"",""글레이즈 톱날 단도"",""맹렬한 패자의 인장"",""신중한 패자의 인장"",""무모한 패자의 인장"",""용맹한 패자의 인장"",""맹렬한 미지의 전송석"",""신중한 미지의 전송석"",""무모한 미지의 전송석"",""용맹한 미지의 전송석"""
EQ00217,소환 물질 X 정제,3,,,3,600,400,,,,,,,400,,,"{""name"":""소환 물질 X"",""ID"":""MA00125"",""count"":""1""}","""글레이즈 톱날 단도"",""울부짖는 자의 안대"",""맹렬한 패자의 인장"",""신중한 패자의 인장"",""무모한 패자의 인장"",""용맹한 패자의 인장"",""맹렬한 미지의 전송석"",""신중한 미지의 전송석"",""무모한 미지의 전송석"",""용맹한 미지의 전송석"""
EQ00211,세시 [리와],3,,,3,640,460,,,,,,,,,,"{""name"":""세시의 가죽"",""ID"":""MA00123"",""count"":""3""},{""name"":""세시의 허파"",""ID"":""MA00124"",""count"":""1""},{""name"":""물리의 돌탄 조각"",""ID"":""MA00106"",""count"":""1""}","""세시의 수정"",""세시의 이빨"",""세시의 눈"",""맹렬한 수정 조각"",""신중한 수정 조각"",""노련한 수정 조각"",""치밀한 수정 조각"""
EQ00185,라프란드,3,,,3,450,320,,,,,,,400,,,"{""name"":""라프란드의 뼈"",""ID"":""MA00111"",""count"":""4""},{""name"":""라프란드의 쌍각"",""ID"":""MA00112"",""count"":""1""},{""name"":""원소의 돌탄 조각"",""ID"":""MA00107"",""count"":""1""}","""라프란드의 심장"",""라프란드의 비늘 팔찌"",""화염의 증거"",""화염의 가호"",""맹렬한 갈색소라 목걸이"",""신중한 갈색소라 목걸이"",""노련한 갈색소라 목걸이"",""치밀한 갈색소라 목걸이"""
EQ00187,그라월,3,,,3,450,320,,,,,,,400,,,"{""name"":""그라월의 파편"",""ID"":""MA00115"",""count"":""4""},{""name"":""그라월의 가시"",""ID"":""MA00116"",""count"":""1""},{""name"":""원소의 돌탄 조각"",""ID"":""MA00107"",""count"":""1""}","""그라월의 눈"",""그라월의 문장"",""냉기의 증거"",""냉기의 가호"",""맹렬한 진흙 향로"",""신중한 진흙 향로"",""노련한 진흙 향로"",""치밀한 진흙 향로"""
EQ00189,벤트라타,3,,,3,450,320,,,,,,,400,,,"{""name"":""벤트라타의 갈기"",""ID"":""MA00119"",""count"":""4""},{""name"":""벤트라타의 발톱"",""ID"":""MA00120"",""count"":""1""},{""name"":""원소의 돌탄 조각"",""ID"":""MA00107"",""count"":""1""}","""벤트라타의 뇌전 발톱"",""벤트라타의 뇌전 망토"",""전격의 증거"",""전격의 가호"",""맹렬한 도전자의 인장"",""신중한 도전자의 인장"",""노련한 도전자의 인장"",""치밀한 도전자의 인장"""
EQ00190,벤트라타의 뇌전 망토,3,,40,,400,300,,,,,,,1000,,,"{""name"":""벤트라타의 갈기"",""ID"":""MA00119"",""count"":""10""},{""name"":""벤트라타의 발톱"",""ID"":""MA00120"",""count"":""3""},{""name"":""피뢰석 파편"",""ID"":""MA00121"",""count"":""5""}","""벤트라타의 뇌전 망토"""
EQ00188,그라월의 문장,3,,40,,400,300,,,,,,,1000,,,"{""name"":""그라월의 파편"",""ID"":""MA00115"",""count"":""10""},{""name"":""그라월의 가시"",""ID"":""MA00116"",""count"":""3""},{""name"":""서리거인의 흔적 파편"",""ID"":""MA00117"",""count"":""5""}","""그라월의 문장"""
EQ00187_1,그라월의 눈,3,,40,,400,300,,,,,,,1000,,,"{""name"":""그라월의 파편"",""ID"":""MA00115"",""count"":""10""},{""name"":""그라월의 가시"",""ID"":""MA00116"",""count"":""3""},{""name"":""서리거인의 흔적 파편"",""ID"":""MA00117"",""count"":""5""}","""그라월의 눈"""
EQ00185_1,라프란드의 심장,3,,40,,400,300,,,,,,,1000,,,"{""name"":""라프란드의 뼈"",""ID"":""MA00111"",""count"":""10""},{""name"":""라프란드의 쌍각"",""ID"":""MA00112"",""count"":""3""},{""name"":""마그마 티어 파편"",""ID"":""MA00113"",""count"":""5""}","""라프란드의 심장"""
EQ00186,라프란드의 비늘 팔찌,3,,40,,400,300,,,,,,,1000,,,"{""name"":""라프란드의 뼈"",""ID"":""MA00111"",""count"":""10""},{""name"":""라프란드의 쌍각"",""ID"":""MA00112"",""count"":""3""},{""name"":""마그마 티어 파편"",""ID"":""MA00113"",""count"":""5""}","""라프란드의 비늘 팔찌"""
EQ00189_1,벤트라타의 뇌전 발톱,3,,40,,400,300,,,,,,,1000,,,"{""name"":""벤트라타의 갈기"",""ID"":""MA00119"",""count"":""10""},{""name"":""벤트라타의 발톱"",""ID"":""MA00120"",""count"":""3""},{""name"":""피뢰석 파편"",""ID"":""MA00121"",""count"":""5""}","""벤트라타의 뇌전 발톱"""
EQ00232,E-01 모듈,3,1,,,600,400,,,,,,,400,,,"{""name"":""헤이븐 이터 파편"",""ID"":""MA00127"",""count"":""30""}","""E-01 모듈"""
EQ00242,디모데이,3,,,3,640,460,,,,,,,600,,,"{""name"":""비전의 돌탄 조각"",""ID"":""MA00108"",""count"":""4""},{""name"":""수호자의 조각"",""ID"":""MA00130"",""count"":""2""}","""수호자의 눈"",""신성 증폭 장치"",""신성의 증거"",""신성의 가호"",""맹렬한 패자의 인장"",""신중한 패자의 인장"",""무모한 패자의 인장"",""용맹한 패자의 인장"",""맹렬한 미지의 전송석"",""신중한 미지의 전송석"",""무모한 미지의 전송석"",""용맹한 미지의 전송석"""
EQ00242_1,수호자의 눈,3,1,,,600,400,,,,,,,400,,,"{""name"":""수호자의 조각"",""ID"":""MA00130"",""count"":""15""},{""name"":""비전의 돌탄 조각"",""ID"":""MA00108"",""count"":""15""},{""name"":""디모데이 파편"",""ID"":""MA00132"",""count"":""5""}","""수호자의 눈"""
EQ00211_1,세시의 수정,3,3,,,1200,800,,,,,,,1250,,,"{""name"":""키바스 스톤"",""ID"":""MA00105"",""count"":""25""},{""name"":""세시의 가죽"",""ID"":""MA00123"",""count"":""25""},{""name"":""세시의 허파"",""ID"":""MA00124"",""count"":""6""},{""name"":""물리의 돌탄 조각"",""ID"":""MA00106"",""count"":""4""}","""세시의 수정"""
EQ00229,E-01,3,,,3,640,460,,,,,,,600,,,"{""name"":""헤이븐 이터 파편"",""ID"":""MA00127"",""count"":""2""}","""E-01 기계팔"",""E-01 모듈"",""암흑의 증거"",""암흑의 가호"",""맹렬한 패자의 인장"",""신중한 패자의 인장"",""무모한 패자의 인장"",""용맹한 패자의 인장"",""맹렬한 미지의 전송석"",""신중한 미지의 전송석"",""무모한 미지의 전송석"",""용맹한 미지의 전송석"""
EQ00229_1,E-01 기계팔,3,1,,,600,400,,,,,,,400,,,"{""name"":""헤이븐 이터 파편"",""ID"":""MA00127"",""count"":""30""}","""E-01 기계팔"""
EQ00245,신성 증폭 장치,3,1,,,600,400,,,,,,,400,,,"{""name"":""수호자의 조각"",""ID"":""MA00130"",""count"":""15""},{""name"":""비전의 돌탄 조각"",""ID"":""MA00108"",""count"":""15""},{""name"":""디모데이 파편"",""ID"":""MA00132"",""count"":""5""}","""신성 증폭 장치"""
EQ00256,하젬 & 트리즈,3,,,3,640,460,,,,,,,600,,,"{""name"":""물리의 돌탄 조각"",""ID"":""MA00106"",""count"":""3""},{""name"":""트리즈의 가죽"",""ID"":""MA00136"",""count"":""2""},{""name"":""하젬의 장갑"",""ID"":""MA00137"",""count"":""2""}","""트리즈의 발톱 도끼"",""하젬의 외장 방패"",""물리의 증거"",""물리의 가호"",""맹렬한 갈색소라 목걸이"",""신중한 갈색소라 목걸이"",""노련한 갈색소라 목걸이"",""치밀한 갈색소라 목걸이"",""맹렬한 수정 조각"",""신중한 수정 조각"",""노련한 수정 조각"",""치밀한 수정 조각"""
EQ00216,바우엘의 신속석궁,3,1,30,,900,600,,,,,,,2000,,,"{""name"":""소환 물질 X"",""ID"":""MA00125"",""count"":""15""},{""name"":""소환 물질 Y"",""ID"":""MA00126"",""count"":""35""}","""바우엘의 신속석궁"""
EQ00215,우타하의 단검,3,1,30,,900,600,,,,,,,2000,,,"{""name"":""소환 물질 X"",""ID"":""MA00125"",""count"":""15""},{""name"":""소환 물질 Y"",""ID"":""MA00126"",""count"":""35""}","""우타하의 단검"""
EQ00212,야오 페이의 전투복,3,1,30,,900,600,,,,,,,1000,,,"{""name"":""소환 물질 X"",""ID"":""MA00125"",""count"":""15""},{""name"":""소환 물질 Y"",""ID"":""MA00126"",""count"":""35""}","""야오 페이의 전투복"""
EQ00214,이스류나의 공명닻,3,1,30,,900,600,,,,,,,2000,,,"{""name"":""소환 물질 X"",""ID"":""MA00125"",""count"":""15""},{""name"":""소환 물질 Y"",""ID"":""MA00126"",""count"":""35""}","""이스류나의 공명닻"""
EQ00217_1,글레이즈 톱날 단도,3,3,,,1400,1200,,,,,,,1800,,,"{""name"":""소환 물질 X"",""ID"":""MA00125"",""count"":""25""},{""name"":""소환 물질 Y"",""ID"":""MA00126"",""count"":""60""}","""글레이즈 톱날 단도"""
EQ00218_1,울부짖는 자의 안대,3,3,,,1400,1200,,,,,,,1800,,,"{""name"":""소환 물질 X"",""ID"":""MA00125"",""count"":""25""},{""name"":""소환 물질 Y"",""ID"":""MA00126"",""count"":""60""}","""울부짖는 자의 안대"""
EQ00252,파레타의 견갑,3,3,,,1800,1200,,,,,,,2000,,,"{""name"":""원소의 돌탄 조각"",""ID"":""MA00107"",""count"":""15""},{""name"":""파레타 발톱"",""ID"":""MA00135"",""count"":""10""}","""파레타의 견갑"""
EQ00252_1,파레타,3,,,3,800,600,,,,,,,600,,,"{""name"":""원소의 돌탄 조각"",""ID"":""MA00107"",""count"":""4""},{""name"":""파레타 지느러미"",""ID"":""MA00134"",""count"":""4""}","""파레타의 견갑"",""파레타의 목걸이"",""맹렬한 갈색소라 목걸이"",""신중한 갈색소라 목걸이"",""노련한 갈색소라 목걸이"",""치밀한 갈색소라 목걸이"",""맹렬한 진흙 향로"",""신중한 진흙 향로"",""노련한 진흙 향로"",""치밀한 진흙 향로"""
EQ00253,파레타의 목걸이,3,3,,,1800,1200,,,,,,,2000,,,"{""name"":""원소의 돌탄 조각"",""ID"":""MA00107"",""count"":""15""},{""name"":""파레타 발톱"",""ID"":""MA00135"",""count"":""10""}","""파레타의 목걸이"""
EQ00256_1,트리즈의 발톱 도기,3,1,,,600,400,,,,,,,400,,,"{""name"":""트리즈의 가죽"",""ID"":""MA00136"",""count"":""10""},{""name"":""하젬의 장갑"",""ID"":""MA00137"",""count"":""10""},{""name"":""물리의 돌탄 조각"",""ID"":""MA00106"",""count"":""15""}","""트리즈의 발톱 도끼"""
EQ00259,하젬의 외장 방패,3,1,,,600,400,,,,,,,400,,,"{""name"":""트리즈의 가죽"",""ID"":""MA00136"",""count"":""10""},{""name"":""하젬의 장갑"",""ID"":""MA00137"",""count"":""10""},{""name"":""물리의 돌탄 조각"",""ID"":""MA00106"",""count"":""15""}","""하젬의 외장 방패"""
EQ00266,베릴 대검,3,2,,,1200,800,,,,,,,800,,,"{""name"":""베릴 기사단 갑옷 조각"",""ID"":""MA00141"",""count"":""15""}","""베릴 대검"""
EQ00239,흑랑유월,3,3,,,,,,,,,,,,,,"{""name"":""비전의 돌탄 조각"",""ID"":""MA00108"",""count"":""20""},{""name"":""대혈문 징표"",""ID"":""MA90022"",""count"":""2""}","""흑랑유월"""
EQ00213,돌고래 수정닻,3,3,,,1800,1200,,,,,,,2000,,,"{""name"":""소환 물질 X"",""ID"":""MA00125"",""count"":""25""},{""name"":""소환 물질 Y"",""ID"":""MA00126"",""count"":""55""}","""돌고래 수정닻"""
EQ00216_1,세시의 백발백중,3,2,,,,,,,,,,,,,"{""name"":""바우엘의 신속석궁"",""ID"":""EQ00216""}","{""name"":""원소의 돌탄 조각"",""ID"":""MA00107"",""count"":""20""},{""name"":""E-01 코어"",""ID"":""MA00128"",""count"":""1""}","""세시의 백발백중"""
EQ00216_2,세시의 백발백중 S,3,6,,,,,,,,,,,,,"{""name"":""세시의 백발백중"",""ID"":""EQ00216_1""}","{""name"":""훈련소 졸업장"",""ID"":""EQ00027"",""count"":""8""}","""세시의 백발백중 S"""
EQ00214_1,기간티카 공명닻,3,2,,,,,,,,,,,,,"{""name"":""이스류나의 공명닻"",""ID"":""EQ00214""}","{""name"":""원소의 돌탄 조각"",""ID"":""MA00107"",""count"":""20""},{""name"":""E-01 코어"",""ID"":""MA00128"",""count"":""1""}","""기간티카 공명닻"""
EQ00212_1,산롱 대혈문 제복,3,2,,,,,,,,,,,,,"{""name"":""야오 페이의 전투복"",""ID"":""EQ00212""}","{""name"":""원소의 돌탄 조각"",""ID"":""MA00107"",""count"":""20""},{""name"":""E-01 코어"",""ID"":""MA00128"",""count"":""1""}","""산롱 대혈문 제복"""
EQ00215_1,신명기검,3,2,,,,,,,,,,,,,"{""name"":""우타하의 단검"",""ID"":""EQ00215""}","{""name"":""비전의 돌탄 조각"",""ID"":""MA00108"",""count"":""20""},{""name"":""E-01 코어"",""ID"":""MA00128"",""count"":""1""}","""신명기검"""
EQ00267,피를 마시는 낫,3,2,,,,,,,3,2,,,,,,"{""name"":""베릴 기사단 갑옷 조각"",""ID"":""MA00141"",""count"":""15""}","""피를 마시는 낫"""
EQ00268,전격의 지팡이,3,2,,,,,,,3,2,,,,,,"{""name"":""베릴 기사단 갑옷 조각"",""ID"":""MA00141"",""count"":""15""}","""전격의 지팡이"""
EQ00270,현인신의 창,3,2,,,,,,,3,2,,,,,,"{""name"":""베릴 기사단 갑옷 조각"",""ID"":""MA00141"",""count"":""15""}","""현인신의 창"""
EQ00269,악마의 채찍,3,2,,,,,,,3,2,,,,,,"{""name"":""베릴 기사단 갑옷 조각"",""ID"":""MA00141"",""count"":""15""}","""악마의 채찍"""
EQ00139_1,광휘의 영혼검 S,3,4,,,1600,1050,,,,,,,,2,"{""name"":""광휘의 영혼검"",""ID"":""EQ00139""}","{""name"":""디모데이"",""ID"":""MA00131"",""count"":""1""}","""광휘의 영혼검 S"""
EQ00140_1,광휘의 각반 S,3,4,,,1600,1050,,,,,,,,2,"{""name"":""광휘의 각반"",""ID"":""EQ00140""}","{""name"":""디모데이"",""ID"":""MA00131"",""count"":""1""}","""광휘의 각반 S"""
EQ00262,길 잃은 자의 단검,3,,,3,1600,1300,,,,,,,2000,,,"{""name"":""길 잃은 자의 흔적"",""ID"":""MA00139"",""count"":""100""}","""길 잃은 자의 단검"""
EQ00263,네메시스 - 원혼의 습격,3,2,,,1200,800,,,,,,,800,,"{""name"":""길 잃은 자의 단검"",""ID"":""EQ00262""}","{""name"":""길 잃은 자의 흔적"",""ID"":""MA00139"",""count"":""30""},{""name"":""가고일 중추핵"",""ID"":""MA00138"",""count"":""2""}","""네메시스 - 원혼의 습격"""
EQ00265,네메시스 - 원혼의 비명,3,2,,,1200,800,,,,,,,800,,"{""name"":""길 잃은 자의 단검"",""ID"":""EQ00262""}","{""name"":""길 잃은 자의 흔적"",""ID"":""MA00139"",""count"":""30""},{""name"":""디모데이"",""ID"":""MA00131"",""count"":""1""},{""name"":""E-01 코어"",""ID"":""MA00128"",""count"":""1""}","""네메시스 - 원혼의 비명"""
EQ00264,네메시스 - 원혼의 분노,3,2,,,1200,800,,,,,,,800,,"{""name"":""길 잃은 자의 단검"",""ID"":""EQ00262""}","{""name"":""마그마 티어"",""ID"":""MA00114"",""count"":""1""},{""name"":""서리거인의 흔적"",""ID"":""MA00118"",""count"":""1""},{""name"":""피뢰석"",""ID"":""MA00122"",""count"":""1""}","""네메시스 - 원혼의 분노"""
EQ00279,백인대장 투구,4,,,3,2400,1600,,,,,,,800,,,"{""name"":""베릴 백인대장 갑옷 조각"",""ID"":""MA00143"",""count"":""35""},{""name"":""이니티움 스톤"",""ID"":""MA00030"",""count"":""15""}","""백인대장 투구"""
EQ00279_1,이니티움 평야의 기초 장비,4,,,3,600,200,,,,,,,,,,"{""name"":""이니티움 스톤"",""ID"":""MA00030"",""count"":""4""}","""백인대장 투구"",""맹렬한 파괴자의 인장"",""신중한 파괴자의 인장"",""노련한 파괴자의 인장"",""치밀한 파괴자의 인장"",""맹렬한 합성 조각"",""신중한 합성 조각"",""노련한 합성 조각"",""치밀한 합성 조각"""
EQ00294,기간티카,4,,,3,2400,1600,,,,,,,800,,,"{""name"":""이니티움 스톤"",""ID"":""MA00030"",""count"":""4""},{""name"":""기간티카 지느러미"",""ID"":""MA00149"",""count"":""8""}","""기간티카의 장갑"",""맹렬한 심해의 장신구"",""신중한 심해의 장신구"",""노련한 심해의 장신구"",""치밀한 심해의 장신구"",""맹렬한 심해의 커틀라스"",""신중한 심해의 커틀라스"",""노련한 심해의 커틀라스"",""치밀한 심해의 커틀라스"""
EQ00306,베르나 목걸이,4,,,3,2400,1600,,,,,,,800,,,"{""name"":""외각룡 비늘"",""ID"":""MA00156"",""count"":""45""},{""name"":""비전의 결정"",""ID"":""MA00147"",""count"":""25""},{""name"":""이니티움 스톤"",""ID"":""MA00030"",""count"":""10""}","""베르나 목걸이"""
EQ00329,언노운,4,,,3,2400,1600,,,,,,,800,,,"{""name"":""이니티움 스톤"",""ID"":""MA00030"",""count"":""4""},{""name"":""언노운 껍질"",""ID"":""MA00159"",""count"":""8""}","""네이티브 갑옷"",""맹렬한 강철 망치"",""신중한 강철 망치"",""노련한 강철 망치"",""치밀한 강철 망치"",""맹렬한 강철 활"",""신중한 강철 활"",""노련한 강철 활"",""치밀한 강철 활"""
EQ00296,디르펙티아,4,,,3,2400,1600,,,,,,,800,,,"{""name"":""이니티움 스톤"",""ID"":""MA00030"",""count"":""4""},{""name"":""디르펙티아 피부"",""ID"":""MA00154"",""count"":""8""},{""name"":""물리의 결정"",""ID"":""MA00145"",""count"":""4""}","""디르펙티아 레이피어"",""치밀한 금빛 화관"",""노련한 금빛 화관"",""신중한 금빛 화관"",""맹렬한 금빛 화관"",""치밀한 강철 신발"",""노련한 강철 신발"",""신중한 강철 신발"",""맹렬한 강철 신발"""
EQ00339,이니티움 오거,4,,,3,2400,1600,,,,,,,800,,,"{""name"":""이니티움 스톤"",""ID"":""MA00030"",""count"":""4""},{""name"":""하얀색 갈기"",""ID"":""MA00162"",""count"":""8""},{""name"":""원소의 결정"",""ID"":""MA00146"",""count"":""4""}","""이니티움 단검"",""이니티움 창"",""맹렬한 붉은 망치"",""신중한 붉은 망치"",""노련한 붉은 망치"",""치밀한 붉은 망치"",""맹렬한 붉은 활"",""신중한 붉은 활"",""노련한 붉은 활"",""치밀한 붉은 활"""
EQ00312,파뇨푸치 지팡이,4,4,,,,,,,3,2,,,,1,,,"""파뇨푸치 지팡이"""
EQ00313,가고일 서클릿,4,4,,,,,,,3,2,,,,1,,,"""가고일 서클릿"""
EQ00314,기사의 투구,4,4,,,,,,,3,2,,,,1,,,"""기사의 투구"""
EQ00311,해적의 화약총,4,4,,,,,,,3,2,,,,1,,,"""해적의 화약총"""
EQ00308,린도의 장신구,4,4,,,,,,,3,2,,,,1,,,"""린도의 장신구"""
EQ00309,용의 울음소리,4,4,,,,,,,3,2,,,,1,,,"""용의 울음소리"""
EQ00310,칼리오스 호신부,4,4,,,,,,,3,2,,,,1,,,"""칼리오스 호신부"""
EQ00319,사령술사 지팡이,4,4,,,,,,,3,2,,,,1,,,"""사령술사 지팡이"""
EQ00320,무희의 허리띠,4,4,,,,,,,3,2,,,,1,,,"""무희의 허리띠"""
EQ00251,루파루 장갑,4,4,,,,,,,3,2,,,,1,,,"""루파루 장갑"""
EQ00318,수녀의 헤어밴드,4,4,,,,,,,3,2,,,,1,,,"""수녀의 헤어밴드"""
EQ00315,여행자 가방,4,4,,,,,,,3,2,,,,1,,,"""여행자 가방"""
EQ00316,신사의 중절모,4,4,,,,,,,3,2,,,,1,,,"""신사의 중절모"""
EQ00317,얼어붙은 장신구,4,4,,,,,,,3,2,,,,1,,,"""얼어붙은 장신구"""
EQ00339_1,이니티움 단검,4,4,,,3200,2600,,,,,,,2400,,,"{""name"":""하얀색 갈기"",""ID"":""MA00162"",""count"":""45""},{""name"":""원소의 결정"",""ID"":""MA00146"",""count"":""25""},{""name"":""뜨거운 뿔"",""ID"":""MA00164"",""count"":""1""}","""이니티움 단검"""
EQ00340,이니티움 창,4,4,,,3200,2600,,,,,,,2400,,,"{""name"":""하얀색 갈기"",""ID"":""MA00162"",""count"":""45""},{""name"":""원소의 결정"",""ID"":""MA00146"",""count"":""25""},{""name"":""뜨거운 뿔"",""ID"":""MA00164"",""count"":""1""}","""이니티움 창"""
EQ00329_1,네이티브 갑옷,4,4,,,2400,1600,,,,,,,2400,,,"{""name"":""언노운 껍질"",""ID"":""MA00159"",""count"":""45""},{""name"":""원소의 결정"",""ID"":""MA00146"",""count"":""25""},{""name"":""이니티움 스톤"",""ID"":""MA00030"",""count"":""10""}","""네이티브 갑옷"""
EQ00307,베르나 삼지창,4,8,,,3200,2600,,,,,,,4000,,,"{""name"":""외각룡 비늘"",""ID"":""MA00156"",""count"":""75""},{""name"":""비전의 결정"",""ID"":""MA00147"",""count"":""40""},{""name"":""외각룡 뿔"",""ID"":""MA00158"",""count"":""1""}","""베르나 삼지창"""
EQ00329_2,네이티브 갑옷 Lv.2,4,8,,,3200,2600,,,,,,,4000,,"{""name"":""네이티브 갑옷"",""ID"":""EQ00329""}","{""name"":""언노운 껍질"",""ID"":""MA00159"",""count"":""75""},{""name"":""원소의 결정"",""ID"":""MA00146"",""count"":""40""},{""name"":""언노운의 눈"",""ID"":""MA00161"",""count"":""1""}","""네이티브 갑옷 Lv.2"""
EQ00341,제왕의 투구,4,8,,,3800,3100,,,,,,,2800,,,"{""name"":""하얀색 갈기"",""ID"":""MA00162"",""count"":""50""},{""name"":""오거의 발톱"",""ID"":""MA00163"",""count"":""25""},{""name"":""원소의 결정"",""ID"":""MA00146"",""count"":""40""},{""name"":""오거의 꼬리"",""ID"":""MA00165"",""count"":""1""}","""제왕의 투구"""
EQ00350,거미의 낫,5,4,,,,,,,2,2,,,,2,,"{""name"":""거미 껍질"",""ID"":""MA00168"",""count"":""45""},{""name"":""물리의 결정"",""ID"":""MA00145"",""count"":""25""},{""name"":""데인데 스톤"",""ID"":""MA00167"",""count"":""5""}","""거미의 낫"""
EQ00351,방랑기사의 검,5,4,,,,,,,3,2,,,,2,,,"""방랑기사의 검"""
EQ00350_1,데인데 기초 장비,5,,,3,800,400,,,,,,,,,,"{""name"":""데인데 스톤"",""ID"":""MA00167"",""count"":""4""}","""거미의 낫"",""치밀한 은제 귀걸이"",""노련한 은제 귀걸이"",""신중한 은제 귀걸이"",""맹렬한 은제 귀걸이"",""치밀한 은제 목걸이"",""노련한 은제 목걸이"",""신중한 은제 목걸이"",""맹렬한 은제 목걸이"""
EQ00350_2,거미의 낫 Lv.2,5,8,,,,,,,5,5,,,,5,"{""name"":""거미의 낫"",""ID"":""EQ00350""}","{""name"":""별빛 벌레"",""ID"":""MA00003"",""count"":""50""},{""name"":""데인데 스톤"",""ID"":""MA00167"",""count"":""20""}","""거미의 낫 Lv.2"""
EQ00365,케르베로스,5,,,3,2400,1600,,,,,,,,,,"{""name"":""케르베로스 갈기"",""ID"":""MA00171"",""count"":""8""},{""name"":""데인데 스톤"",""ID"":""MA00167"",""count"":""10""}","""치밀한 금제 지팡이"",""노련한 금제 신발"",""신중한 금제 사각방패"",""맹렬한 금제 대검"",""치밀한 은제 지팡이"",""신중한 은제 신발"",""치밀한 은제 사각 방패"",""신중한 은제 대검"",""노련한 은제 지팡이"",""맹렬한 은제 신발"",""노련한 은제 사각 방패"",""맹렬한 은제 대검"""
EQ00365_1,정교한 케르베로스,5,4,,,,,,,1,1,,,,1,,"{""name"":""케르베로스 갈기"",""ID"":""MA00171"",""count"":""30""},{""name"":""데인데 스톤"",""ID"":""MA00167"",""count"":""15""}","""치밀한 금제 지팡이"",""노련한 금제 신발"",""신중한 금제 사각방패"",""맹렬한 금제 대검"",""치밀한 은제 지팡이"",""신중한 은제 신발"",""치밀한 은제 사각 방패"",""신중한 은제 대검"""
EQ00380,미친개의 발톱,5,4,,,,,,,2,2,,,,2,,"{""name"":""케르베로스 갈기 S"",""ID"":""MA00171_1"",""count"":""25""},{""name"":""케르베로스 갈기"",""ID"":""MA00171"",""count"":""20""},{""name"":""비전의 결정"",""ID"":""MA00147"",""count"":""20""},{""name"":""데인데 스톤"",""ID"":""MA00167"",""count"":""5""}","""미친개의 발톱"""
EQ00373,폭주하는 뇌수,5,,,3,2400,1600,,,,,,,,,,"{""name"":""뇌수의 갈기"",""ID"":""MA00177"",""count"":""8""},{""name"":""데인데 스톤"",""ID"":""MA00167"",""count"":""10""}","""벤트라타 클로"",""치밀한 은제 대검"",""신중한 은제 사각 방패"",""노련한 은제 신발"",""맹렬한 은제 지팡이"",""노련한 은제 지팡이"",""맹렬한 은제 신발"",""노련한 은제 사각 방패"",""맹렬한 은제 대검"""
EQ00368,탐욕의 낫,5,4,,,,,,,2,2,,,,2,,"{""name"":""몽환초"",""ID"":""MA00173"",""count"":""75""},{""name"":""물리의 결정"",""ID"":""MA00145"",""count"":""20""},{""name"":""데인데 스톤"",""ID"":""MA00167"",""count"":""5""}","""탐욕의 낫"""
EQ00352,슈폰델의 빛,5,4,,,,,,,3,2,,,,2,"{""name"":""방랑기사의 검"",""ID"":""EQ00351""}","{""name"":""데인데 스톤"",""ID"":""MA00167"",""count"":""25""}","""슈폰델의 빛"""
EQ00396,억제의 수갑,5,4,,,,,,,2,2,,,,2,,"{""name"":""소환의 양초"",""ID"":""MA00181"",""count"":""45""},{""name"":""데인데 스톤"",""ID"":""MA00167"",""count"":""30""}","""억제의 수갑"""
EQ00394,폭염의 구슬,5,4,,,,,,,2,2,,,,2,,"{""name"":""소환의 양초"",""ID"":""MA00181"",""count"":""45""},{""name"":""데인데 스톤"",""ID"":""MA00167"",""count"":""30""}","""폭염의 구슬"""
EQ00369,해적의 사브르,5,4,,,,,,,2,2,,,,2,,"{""name"":""해적의 닻"",""ID"":""MA00175"",""count"":""45""},{""name"":""데인데 스톤"",""ID"":""MA00167"",""count"":""30""}","""해적의 사브르"""
EQ00373_1,벤트라타 클로,5,8,,,,,,,2,2,,,,2,,"{""name"":""뇌수의 갈기"",""ID"":""MA00177"",""count"":""45""},{""name"":""뇌수의 발톱"",""ID"":""MA00178"",""count"":""30""},{""name"":""원소의 결정"",""ID"":""MA00146"",""count"":""25""}","""벤트라타 클로"""
EQ00366,케르베로스 아대,5,8,,,,,,,2,2,,,,2,,"{""name"":""케르베로스 갈기"",""ID"":""MA00171"",""count"":""45""},{""name"":""데인데 스톤"",""ID"":""MA00167"",""count"":""30""},{""name"":""케르베로스 가죽"",""ID"":""MA00172"",""count"":""1""}","""케르베로스 아대"""
EQ00367,케르베로스 팔찌,5,8,,,,,,,2,2,,,,2,,"{""name"":""케르베로스 갈기"",""ID"":""MA00171"",""count"":""45""},{""name"":""데인데 스톤"",""ID"":""MA00167"",""count"":""30""},{""name"":""케르베로스 가죽"",""ID"":""MA00172"",""count"":""1""}","""케르베로스 팔찌"""
EQ00367_1,케르베로스 팔찌 S,5,8,,,,,,,2,2,,,,2,"{""name"":""케르베로스 팔찌"",""ID"":""EQ00367""}","{""name"":""케르베로스 갈기 S"",""ID"":""MA00171_1"",""count"":""45""},{""name"":""데인데 스톤"",""ID"":""MA00167"",""count"":""30""},{""name"":""케르베로스 가죽"",""ID"":""MA00172"",""count"":""1""}","""케르베로스 팔찌 S"""
EQ00366_1,케르베로스 아대 S,5,8,,,,,,,2,2,,,,2,"{""name"":""케르베로스 아대"",""ID"":""EQ00366""}","{""name"":""케르베로스 갈기 S"",""ID"":""MA00171_1"",""count"":""45""},{""name"":""데인데 스톤"",""ID"":""MA00167"",""count"":""30""},{""name"":""케르베로스 가죽"",""ID"":""MA00172"",""count"":""1""}","""케르베로스 아대 S"""
EQ00396_1,억제의 수갑 Lv.2,5,8,,,,,,,2,2,,,,2,"{""name"":""억제의 수갑"",""ID"":""EQ00396""}","{""name"":""소환의 양초"",""ID"":""MA00181"",""count"":""75""},{""name"":""데인데 스톤"",""ID"":""MA00167"",""count"":""30""},{""name"":""인페르노의 뿔"",""ID"":""MA00182"",""count"":""1""}","""억제의 수갑 Lv.2"""
EQ00394_1,폭염의 구슬 Lv.2,5,8,,,,,,,2,2,,,,2,"{""name"":""폭염의 구슬"",""ID"":""EQ00394""}","{""name"":""소환의 양초"",""ID"":""MA00181"",""count"":""75""},{""name"":""데인데 스톤"",""ID"":""MA00167"",""count"":""30""},{""name"":""인페르노의 뿔"",""ID"":""MA00182"",""count"":""1""}","""폭염의 구슬 Lv.2"""
EQ00350_3,거미의 낫 Lv.3,5,8,,,,,,,5,5,,,,5,"{""name"":""거미의 낫 Lv.2"",""ID"":""EQ00350_1""}","{""name"":""해적의 모자"",""ID"":""MA00176"",""count"":""1""}","""거미의 낫 Lv.3"""
EQ00391,달그림자 지팡이,5,4,,,,,,,4,4,,,,2,,"{""name"":""정체된 힘의 구체"",""ID"":""MA90105"",""count"":""1""}","""달그림자 지팡이"""
EQ00390,미지의 수정닻,5,4,,,,,,,2,2,,,,1,"{""name"":""돌고래 수정닻"",""ID"":""EQ00213""}","{""name"":""정체된 힘의 구체"",""ID"":""MA90105"",""count"":""1""}","""미지의 수정닻"""
EQ00389,파괴의 공명닻,5,4,,,,,,,2,2,,,,1,"{""name"":""기간티카 공명닻"",""ID"":""EQ00214_1""}","{""name"":""발현된 정신의 구체"",""ID"":""MA90104"",""count"":""1""}","""파괴의 공명닻"""
EQ00426,전자 헤드셋,5,,,3,,,,,,,,,,,,"{""name"":""메모리 칩 조각"",""ID"":""MA00203"",""count"":""100""}","""전자 헤드셋"""
MA90099,안식의 장신구,5,4,,,,,,,4,4,,,,2,,"{""name"":""정체된 정신의 구체"",""ID"":""MA90106"",""count"":""1""}","""안식의 장신구"""
EQ00392,A 카드,5,4,,,,,,,4,4,,,,2,,"{""name"":""정체된 정신의 구체"",""ID"":""MA90106"",""count"":""1""}","""A 카드"""
EQ00388,현상수배서,5,4,,,,,,,4,4,,,,2,,"{""name"":""발현된 정신의 구체"",""ID"":""MA90104"",""count"":""1""}","""현상수배서"""
EQ00123_1,파고스노미콘 S,5,4,,,,,,,2,2,,,,1,"{""name"":""파고스노미콘"",""ID"":""EQ00123""}","{""name"":""숨겨진 정신의 구체"",""ID"":""MA90102"",""count"":""1""}","""파고스노미콘 S"""
EQ00383,키사의 가방,5,4,,,,,,,4,4,,,,2,,"{""name"":""숨겨진 힘의 구체"",""ID"":""MA90101"",""count"":""1""}","""키사의 가방"""
EQ00122_1,포티아노미콘 S,5,4,,,,,,,2,2,,,,1,"{""name"":""포티아노미콘"",""ID"":""EQ00122""}","{""name"":""숨겨진 힘의 구체"",""ID"":""MA90101"",""count"":""1""}","""포티아노미콘 S"""
EQ90003_1,메렐로의 로자리오 S,5,4,,,,,,,2,2,,,,1,"{""name"":""메렐로의 로자리오"",""ID"":""EQ90003""}","{""name"":""발현된 힘의 구체"",""ID"":""MA90103"",""count"":""1""}","""메렐로의 로자리오 S"""
EQ00386,산롱 대혈문 장갑,5,4,,,,,,,2,2,,,,1,"{""name"":""산롱 대혈문 제복"",""ID"":""EQ00212_1""}","{""name"":""발현된 힘의 구체"",""ID"":""MA90103"",""count"":""1""}","""산롱 대혈문 장갑"""
EQ00385,사형수의 검,5,4,,,,,,,2,2,,,,1,"{""name"":""칼리오스 수호부 S"",""ID"":""EQ90002_1""}","{""name"":""숨겨진 정신의 구체"",""ID"":""MA90102"",""count"":""1""}","""사형수의 검"""
EQ00407,Open Me!,5,,,3,,,,,4,4,,,,2,,"{""name"":""잃은 자의 물방울"",""ID"":""MA90118_1"",""count"":""60""}","""Open Me!"""
EQ00406,검은 대륙 기초 장비,6,,,3,100,600,,,,,,,,,,"{""name"":""검은 대륙 스톤"",""ID"":""MA00184"",""count"":""4""}","""검은 깃털 목걸이"",""치밀한 금제 신발"",""신중한 금제 지팡이"",""노련한 금제 대검"",""맹렬한 금제 사각방패"",""치밀한 은제 신발"",""신중한 은제 지팡이"",""노련한 은제 대검"",""맹렬한 은제 사각 방패"""
EQ00409,패러사이트 투구,6,4,,,,,,,2,2,,,,2,,"{""name"":""기생체 조각"",""ID"":""MA00189"",""count"":""45""},{""name"":""검은 대륙 스톤"",""ID"":""MA00184"",""count"":""30""}","""패러사이트 투구"""
EQ00412,패러사이트 단검,6,4,,,,,,,2,2,,,,2,,"{""name"":""기생체 조각"",""ID"":""MA00189"",""count"":""45""},{""name"":""검은 대륙 스톤"",""ID"":""MA00184"",""count"":""30""}","""패러사이트 단검"""
EQ00406_1,검은 깃털 목걸이,6,4,,,,,,,2,2,,,,2,,"{""name"":""검은 깃털"",""ID"":""MA00185"",""count"":""45""}","""검은 깃털 목걸이"""
EQ00406_2,검은 깃털 목걸이 Lv.2,6,8,,,,,,,2,2,,,,2,"{""name"":""검은 깃털 목걸이"",""ID"":""EQ00406""}","{""name"":""검은 깃털"",""ID"":""MA00185"",""count"":""75""},{""name"":""날개 석상 조각"",""ID"":""MA00187"",""count"":""30""}","""검은 깃털 목걸이 Lv.2"""
EQ00306_1,베르나 목걸이 S,6,8,,,,,,,2,2,,,,2,"{""name"":""베르나 목걸이"",""ID"":""EQ00306""}","{""name"":""외각룡 비늘 S"",""ID"":""MA00156_1"",""count"":""45""},{""name"":""검은 대륙 스톤"",""ID"":""MA00184"",""count"":""25""},{""name"":""외각룡 날개 조각 S"",""ID"":""MA00157_1"",""count"":""25""}","""베르나 목걸이 S"""
EQ00340_1,이니티움 창 S,6,8,,,,,,,2,2,,,,2,"{""name"":""이니티움 창"",""ID"":""EQ00340""}","{""name"":""하얀색 갈기 S"",""ID"":""MA00162_1"",""count"":""45""},{""name"":""검은 대륙 스톤"",""ID"":""MA00184"",""count"":""25""},{""name"":""뜨거운 뿔 S"",""ID"":""MA00164_1"",""count"":""1""}","""이니티움 창 S"""
EQ00339_2,이니티움 단검 S,6,8,,,,,,,2,2,,,,2,"{""name"":""이니티움 단검"",""ID"":""EQ00339""}","{""name"":""하얀색 갈기 S"",""ID"":""MA00162_1"",""count"":""45""},{""name"":""검은 대륙 스톤"",""ID"":""MA00184"",""count"":""25""},{""name"":""뜨거운 뿔 S"",""ID"":""MA00164_1"",""count"":""1""}","""이니티움 단검 S"""
EQ00418,디스거스트,6,,,3,1000,600,,,,,,,,,,"{""name"":""냄새나는 풀"",""ID"":""MA00196"",""count"":""4""}","""디스거스트 견갑"",""치밀한 금제 신발"",""신중한 금제 지팡이"",""노련한 금제 대검"",""맹렬한 금제 사각방패"",""치밀한 은제 신발"",""신중한 은제 지팡이"",""노련한 은제 대검"",""맹렬한 은제 사각 방패"""
EQ00421,포세리앙의 곡괭이,6,,,3,,,,,,,,,,,,"{""name"":""키모어 가죽 조각"",""ID"":""MA00201"",""count"":""100""}","""포세리앙의 곡괭이"""
EQ00422,방한용 신발,6,,,3,,,,,,,,,,,,"{""name"":""키모어 가죽 조각"",""ID"":""MA00201"",""count"":""100""}","""방한용 신발"""
EQ00423,키모어,6,,,3,1000,600,,,,,,,,,,"{""name"":""키모어 가죽 조각"",""ID"":""MA00201"",""count"":""4""}","""키모어 방패"",""치밀한 금제 신발"",""신중한 금제 지팡이"",""노련한 금제 대검"",""맹렬한 금제 사각방패"",""치밀한 은제 신발"",""신중한 은제 지팡이"",""노련한 은제 대검"",""맹렬한 은제 사각 방패"""
EQ00423_1,키모어 방패,6,4,,,,,,,2,2,,,,2,,"{""name"":""키모어 가죽 조각"",""ID"":""MA00201"",""count"":""45""},{""name"":""검은 대륙 스톤"",""ID"":""MA00184"",""count"":""30""}","""키모어 방패"""
EQ00341_1,제왕의 투구 S,6,12,,,,,,,3,3,,,,3,"{""name"":""제왕의 투구"",""ID"":""EQ00341""}","{""name"":""하얀색 갈기 S"",""ID"":""MA00162_1"",""count"":""50""},{""name"":""오거의 발톱 S"",""ID"":""MA00163_1"",""count"":""25""},{""name"":""검은 대륙 스톤"",""ID"":""MA00184"",""count"":""40""},{""name"":""오거의 꼬리 S"",""ID"":""MA00165_1"",""count"":""1""}","""제왕의 투구 S"""
EQ00423_2,키모어 방패 Lv.2,6,8,,,,,,,2,2,,,,2,"{""name"":""키모어 방패"",""ID"":""EQ00423""}","{""name"":""키모어 가죽 조각"",""ID"":""MA00201"",""count"":""75""},{""name"":""검은 대륙 스톤"",""ID"":""MA00184"",""count"":""45""}","""키모어 방패 Lv.2"""
EQ00307_1,베르나 삼지창 S,6,12,,,,,,,3,3,,,,3,"{""name"":""베르나 삼지창"",""ID"":""EQ00307""}","{""name"":""외각룡 비늘 S"",""ID"":""MA00156_1"",""count"":""50""},{""name"":""외각룡 날개 조각 S"",""ID"":""MA00157_1"",""count"":""25""},{""name"":""검은 대륙 스톤"",""ID"":""MA00184"",""count"":""40""},{""name"":""외각룡 뿔 S"",""ID"":""MA00158_1"",""count"":""1""}","""베르나 삼지창 S"""
EQ00423_3,키모어 방패 Lv.3,6,8,,,,,,,2,2,,,,2,"{""name"":""키모어 방패 Lv.2"",""ID"":""EQ00423_1""}","{""name"":""키모어 가죽 조각"",""ID"":""MA00201"",""count"":""75""},{""name"":""검은 대륙 스톤"",""ID"":""MA00184"",""count"":""45""},{""name"":""키모어 뿔"",""ID"":""MA00202"",""count"":""1""}","""키모어 방패 Lv.3"""
EQ00432,가르벤트리아 기초 장비,7,,,3,1200,720,,,,,,,,,,"{""name"":""가르벤트리아 구슬"",""ID"":""MA00205"",""count"":""4""}","""맹렬한 강철 서클렛"",""노련한 강철 서클렛"",""신중한 강철 서클렛"",""치밀한 강철 서클렛"",""맹렬한 강철 단검"",""노련한 강철 단검"",""신중한 강철 단검"",""치밀한 강철 단검"""
EQ00436,엔도라스 클로,7,4,,,,,,,3,3,,,,3,,"{""name"":""엔도라 몸통 부품"",""ID"":""MA00208"",""count"":""45""}","""엔도라스 클로"""
EQ00436_1,엔도라,7,,,3,1200,720,,,,,,,,,,"{""name"":""엔도라 몸통 부품"",""ID"":""MA00208"",""count"":""4""}","""엔도라스 클로"",""맹렬한 강철 서클렛"",""노련한 강철 서클렛"",""신중한 강철 서클렛"",""치밀한 강철 서클렛"",""맹렬한 강철 단검"",""노련한 강철 단검"",""신중한 강철 단검"",""치밀한 강철 단검"""
EQ00320_1,무희의 허리띠 Lv.2,7,4,,,,,,,3,3,,,,3,"{""name"":""무희의 허리띠"",""ID"":""EQ00320""}","{""name"":""엔도라 발 부품"",""ID"":""MA00209"",""count"":""45""}","""무희의 허리띠 Lv.2"""
EQ00314_1,기사의 투구 Lv.2,7,4,,,,,,,3,3,,,,3,"{""name"":""기사의 투구"",""ID"":""EQ00314""}","{""name"":""엔도라 발 부품"",""ID"":""MA00209"",""count"":""45""}","""기사의 투구 Lv.2"""
EQ00436_2,엔도라스 클로 Lv.2,7,8,,,,,,,3,3,,,,3,"{""name"":""엔도라스 클로"",""ID"":""EQ00436""}","{""name"":""엔도라 몸통 부품"",""ID"":""MA00208"",""count"":""75""},{""name"":""엔도라 발 부품"",""ID"":""MA00209"",""count"":""30""},{""name"":""엔도라 중심 코어"",""ID"":""MA00210"",""count"":""1""}","""엔도라스 클로 Lv.2"""